r,completed_steps,s,u,t,kl_to_path,kl_to_target,mean_x1,mean_x2,var_x1,var_x2,mean_guidance,eta,n_steps,wall_clock_sec,lambda_guidance
1,10000.0,1.0,1.0,1.0,0.02682923525571823,0.02682923525571823,-0.027646657079458237,0.20718780159950256,0.4564209282398224,0.21288879215717316,20.530670166015625,0.0001,10000,6.01459388108924,0.1
2,20000.0,2.0,1.0,1.0,0.02131178230047226,0.02131178230047226,-0.037168893963098526,0.2130475789308548,0.49340489506721497,0.21284620463848114,20.585134506225586,0.0001,20000,11.948310305830091,0.1
4,40000.0,4.0,1.0,1.0,0.021767474710941315,0.021767474710941315,-0.038177937269210815,0.21322894096374512,0.5154103636741638,0.2143850326538086,20.621801376342773,0.0001,40000,23.82518775900826,0.1
6,60000.0,6.0,1.0,1.0,0.020909853279590607,0.020909853279590607,-0.040115922689437866,0.21245069801807404,0.520235002040863,0.21385398507118225,20.62837028503418,0.0001,60000,35.63827761216089,0.1
8,80000.0,8.0,1.0,1.0,0.020943591371178627,0.020943591371178627,-0.04366876929998398,0.21231964230537415,0.5236112475395203,0.2143629938364029,20.63551902770996,0.0001,80000,45.65529145114124,0.1
10,100000.0,10.0,1.0,1.0,0.022434841841459274,0.022434841841459274,-0.04375771805644035,0.2133202999830246,0.5233308672904968,0.21548214554786682,20.637840270996094,0.0001,100000,49.42299256520346,0.1
12,120000.0,12.0,1.0,1.0,0.021530361846089363,0.021530361846089363,-0.043229326605796814,0.21466374397277832,0.5271679162979126,0.21229323744773865,20.636375427246094,0.0001,120000,53.39340986730531,0.1
14,140000.0,14.0,1.0,1.0,0.021317889913916588,0.021317889913916588,-0.04074222967028618,0.21194800734519958,0.5233826041221619,0.21527636051177979,20.637004852294922,0.0001,140000,58.61735841212794,0.1
16,160000.0,16.0,1.0,1.0,0.020905612036585808,0.020905612036585808,-0.04237939789891243,0.2147635817527771,0.5248480439186096,0.216578871011734,20.640766143798828,0.0001,160000,67.0240646423772,0.1
18,180000.0,18.0,1.0,1.0,0.021388772875070572,0.021388772875070572,-0.03956996649503708,0.21259848773479462,0.5248631834983826,0.21592749655246735,20.63966941833496,0.0001,180000,84.5878298417665,0.1
20,200000.0,20.0,1.0,1.0,0.021889515221118927,0.021889515221118927,-0.04228462651371956,0.21231594681739807,0.5275288820266724,0.21457697451114655,20.641260147094727,0.0001,200000,93.86150120059028,0.1
60,600000.0,60.0,1.0,1.0,0.02169416844844818,0.02169416844844818,-0.044475819915533066,0.21472282707691193,0.5236431956291199,0.21410781145095825,20.6343936920166,0.0001,600000,267.67780862003565,0.1
80,800000.0,80.0,1.0,1.0,0.021737366914749146,0.021737366914749146,-0.0428401418030262,0.21363984048366547,0.5222151279449463,0.21346956491470337,20.63130760192871,0.0001,800000,382.3826861246489,0.1
100,1000000.0,100.0,1.0,1.0,0.021058544516563416,0.021058544516563416,-0.04540671780705452,0.216364324092865,0.5206634998321533,0.21428658068180084,20.629323959350586,0.0001,1000000,459.50796025572345,0.1
1,10000.0,1.0,1.0,1.0,0.17810437083244324,0.17810437083244324,-0.005517097190022469,0.10612298548221588,1.2896884679794312,0.5357927083969116,5.608234882354736,0.0001,10000,4.264238857198507,0.4
2,20000.0,2.0,1.0,1.0,0.09710483253002167,0.09710483253002167,-0.014140074141323566,0.12002509832382202,1.6289396286010742,0.520840585231781,5.7277302742004395,0.0001,20000,8.489704634994268,0.4
4,40000.0,4.0,1.0,1.0,0.062466755509376526,0.062466755509376526,-0.021085502579808235,0.1224236860871315,1.9495183229446411,0.5264531373977661,5.849465370178223,0.0001,40000,16.946823957841843,0.4
6,60000.0,6.0,1.0,1.0,0.05676708370447159,0.05676708370447159,-0.024280795827507973,0.12388276308774948,2.07218337059021,0.5278581380844116,5.894827365875244,0.0001,60000,25.43399377912283,0.4
8,80000.0,8.0,1.0,1.0,0.056847937405109406,0.056847937405109406,-0.018951093778014183,0.12562106549739838,2.1358141899108887,0.525438129901886,5.917741298675537,0.0001,80000,33.936319881118834,0.4
10,100000.0,10.0,1.0,1.0,0.055247269570827484,0.055247269570827484,-0.021574176847934723,0.12713980674743652,2.1723573207855225,0.5263031125068665,5.930481910705566,0.0001,100000,42.425982107874006,0.4
12,120000.0,12.0,1.0,1.0,0.054630935192108154,0.054630935192108154,-0.0301845483481884,0.12143883854150772,2.1890006065368652,0.5309121608734131,5.939916133880615,0.0001,120000,50.893742362968624,0.4
14,140000.0,14.0,1.0,1.0,0.05562272667884827,0.05562272667884827,-0.02743258699774742,0.12275833636522293,2.20521879196167,0.5346812605857849,5.946609020233154,0.0001,140000,59.39824037300423,0.4
16,160000.0,16.0,1.0,1.0,0.05462963506579399,0.05462963506579399,-0.027029335498809814,0.12593409419059753,2.20662522315979,0.533775806427002,5.946474075317383,0.0001,160000,67.77270234702155,0.4
18,180000.0,18.0,1.0,1.0,0.05619236081838608,0.05619236081838608,-0.02311818301677704,0.12259992957115173,2.2165656089782715,0.529020369052887,5.948712348937988,0.0001,180000,76.24996514525265,0.4
20,200000.0,20.0,1.0,1.0,0.055082984268665314,0.055082984268665314,-0.02648061513900757,0.12812110781669617,2.223855972290039,0.5293648838996887,5.950685977935791,0.0001,200000,84.7081269188784,0.4
60,600000.0,60.0,1.0,1.0,0.05379753187298775,0.05379753187298775,-0.025485048070549965,0.12559346854686737,2.2455060482025146,0.5294011235237122,5.958995342254639,0.0001,600000,252.2676709559746,0.4
80,800000.0,80.0,1.0,1.0,0.05413271114230156,0.05413271114230156,-0.03667730465531349,0.1263946294784546,2.2432191371917725,0.5294097065925598,5.958340644836426,0.0001,800000,339.66967072431,0.4
100,1000000.0,100.0,1.0,1.0,0.05532476305961609,0.05532476305961609,-0.03480888158082962,0.12130267173051834,2.2423436641693115,0.5260480046272278,5.956982135772705,0.0001,1000000,425.8786341352388,0.4
1,10000.0,1.0,1.0,1.0,0.31397682428359985,0.31397682428359985,0.002800810383632779,0.058182839304208755,1.6769893169403076,0.7077089548110962,2.9213502407073975,0.0001,10000,4.297187373973429,0.8
2,20000.0,2.0,1.0,1.0,0.17437627911567688,0.17437627911567688,0.00498807430267334,0.08050447702407837,2.2060844898223877,0.6918251514434814,3.013695001602173,0.0001,20000,8.569027183111757,0.8
4,40000.0,4.0,1.0,1.0,0.09408710896968842,0.09408710896968842,0.005895550362765789,0.0845431238412857,2.810436487197876,0.6958433389663696,3.125194549560547,0.0001,40000,17.08637496083975,0.8
6,60000.0,6.0,1.0,1.0,0.07768774032592773,0.07768774032592773,0.00042462447891011834,0.08285686373710632,3.0725724697113037,0.6942031979560852,3.171987533569336,0.0001,60000,25.626686652656645,0.8
8,80000.0,8.0,1.0,1.0,0.07224230468273163,0.07224230468273163,0.0015493178507313132,0.08507013320922852,3.2178971767425537,0.6955983638763428,3.1979877948760986,0.0001,80000,34.121425887104124,0.8
10,100000.0,10.0,1.0,1.0,0.07317642867565155,0.07317642867565155,-0.0026653134264051914,0.0850786566734314,3.3148586750030518,0.6969070434570312,3.2152602672576904,0.0001,100000,42.44808899797499,0.8
12,120000.0,12.0,1.0,1.0,0.07234063744544983,0.07234063744544983,0.002546033589169383,0.08418036252260208,3.3426458835601807,0.7047132253646851,3.2225425243377686,0.0001,120000,50.78168360795826,0.8
14,140000.0,14.0,1.0,1.0,0.07241718471050262,0.07241718471050262,0.005932171363383532,0.08246463537216187,3.3822083473205566,0.6947452425956726,3.2271664142608643,0.0001,140000,58.76332736480981,0.8
16,160000.0,16.0,1.0,1.0,0.07080556452274323,0.07080556452274323,0.00811963714659214,0.08355337381362915,3.4188923835754395,0.7014222145080566,3.2352898120880127,0.0001,160000,67.23717324621975,0.8
18,180000.0,18.0,1.0,1.0,0.07152588665485382,0.07152588665485382,-0.0016333129024133086,0.0878867357969284,3.427854061126709,0.6970657706260681,3.2355587482452393,0.0001,180000,75.8270697738044,0.8
20,200000.0,20.0,1.0,1.0,0.07108151167631149,0.07108151167631149,0.011517294682562351,0.08702107518911362,3.428462266921997,0.7011460065841675,3.236588954925537,0.0001,200000,84.95888810697943,0.8
60,600000.0,60.0,1.0,1.0,0.07204216718673706,0.07204216718673706,-0.006973176263272762,0.08469258248806,3.4804999828338623,0.7043581008911133,3.2469677925109863,0.0001,600000,254.560092613101,0.8
80,800000.0,80.0,1.0,1.0,0.07010158896446228,0.07010158896446228,-0.007504690438508987,0.08764227479696274,3.5069026947021484,0.6983178853988647,3.250243663787842,0.0001,800000,339.31806423468515,0.8
100,1000000.0,100.0,1.0,1.0,0.07144923508167267,0.07144923508167267,-0.002664304804056883,0.07960747182369232,3.489603042602539,0.7028812766075134,3.2480623722076416,0.0001,1000000,426.41369151789695,0.8
1,10000.0,1.0,1.0,1.0,0.35444432497024536,0.35444432497024536,-0.007316247560083866,0.05381854251027107,1.7728686332702637,0.7549248337745667,2.3575751781463623,0.0001,10000,4.3194207632914186,1.0
2,20000.0,2.0,1.0,1.0,0.19602611660957336,0.19602611660957336,-0.008566942997276783,0.06839630007743835,2.379903554916382,0.7395486831665039,2.443854570388794,0.0001,20000,8.568151926156133,1.0
4,40000.0,4.0,1.0,1.0,0.1047767847776413,0.1047767847776413,-0.012843454256653786,0.06854923814535141,3.047592878341675,0.7371417284011841,2.540361166000366,0.0001,40000,17.15520014660433,1.0
6,60000.0,6.0,1.0,1.0,0.08601347357034683,0.08601347357034683,-0.016117040067911148,0.07434690743684769,3.360097885131836,0.7458236813545227,2.5862064361572266,0.0001,60000,25.79142025206238,1.0
8,80000.0,8.0,1.0,1.0,0.07927092909812927,0.07927092909812927,-0.017465664073824883,0.07133186608552933,3.527411937713623,0.7452239990234375,2.61021089553833,0.0001,80000,34.32001484883949,1.0
10,100000.0,10.0,1.0,1.0,0.07726037502288818,0.07726037502288818,-0.022259848192334175,0.07035965472459793,3.608490228652954,0.7425153255462646,2.621689558029175,0.0001,100000,42.952018620911986,1.0
12,120000.0,12.0,1.0,1.0,0.07514791190624237,0.07514791190624237,-0.03231068700551987,0.07136060297489166,3.6803834438323975,0.7505887746810913,2.6326680183410645,0.0001,120000,51.51152786333114,1.0
14,140000.0,14.0,1.0,1.0,0.07578085362911224,0.07578085362911224,-0.025784360244870186,0.07666321098804474,3.7184011936187744,0.7386549711227417,2.635723114013672,0.0001,140000,60.09102402906865,1.0
16,160000.0,16.0,1.0,1.0,0.07517362385988235,0.07517362385988235,-0.02389979362487793,0.07034091651439667,3.750760078430176,0.7458009123802185,2.641784906387329,0.0001,160000,68.61545883398503,1.0
18,180000.0,18.0,1.0,1.0,0.07521938532590866,0.07521938532590866,-0.012757771648466587,0.06431692838668823,3.7734944820404053,0.7437761425971985,2.6451287269592285,0.0001,180000,77.08231002790853,1.0
20,200000.0,20.0,1.0,1.0,0.07567659765481949,0.07567659765481949,-0.028157588094472885,0.06832255423069,3.801933765411377,0.744735598564148,2.648981809616089,0.0001,200000,85.63400744693354,1.0
60,600000.0,60.0,1.0,1.0,0.07599689811468124,0.07599689811468124,-0.03530439734458923,0.0716279149055481,3.851778745651245,0.7498502135276794,2.6568667888641357,0.0001,600000,255.22124784905463,1.0
80,800000.0,80.0,1.0,1.0,0.07542315125465393,0.07542315125465393,-0.02196655049920082,0.0685286819934845,3.8634722232818604,0.7513527274131775,2.6590774059295654,0.0001,800000,341.2151477872394,1.0
100,1000000.0,100.0,1.0,1.0,0.07757100462913513,0.07757100462913513,-0.026062043383717537,0.07091771066188812,3.8710122108459473,0.7453196048736572,2.6588387489318848,0.0001,1000000,427.31185013242066,1.0
1,10000.0,1.0,1.0,1.0,0.3948131203651428,0.3948131203651428,0.0007391183171421289,0.04176759719848633,1.8492956161499023,0.79215407371521,1.8945461511611938,0.0001,10000,4.312775116879493,1.25
2,20000.0,2.0,1.0,1.0,0.2205904722213745,0.2205904722213745,-0.0014529249165207148,0.05625101551413536,2.491419792175293,0.7855789065361023,1.9691061973571777,0.0001,20000,8.596447092015296,1.25
4,40000.0,4.0,1.0,1.0,0.11473196744918823,0.11473196744918823,0.0019020156469196081,0.0519624724984169,3.2434334754943848,0.7734724283218384,2.055149555206299,0.0001,40000,17.131570836994797,1.25
6,60000.0,6.0,1.0,1.0,0.09092085063457489,0.09092085063457489,-2.2451171389548108e-05,0.05691953003406525,3.598092794418335,0.7840152978897095,2.0968713760375977,0.0001,60000,25.747009507846087,1.25
8,80000.0,8.0,1.0,1.0,0.08430640399456024,0.08430640399456024,-0.00993321929126978,0.05462479218840599,3.788154125213623,0.786132276058197,2.119215965270996,0.0001,80000,34.345953500363976,1.25
10,100000.0,10.0,1.0,1.0,0.08146201074123383,0.08146201074123383,-0.005415153689682484,0.05616875737905502,3.895805835723877,0.7908694744110107,2.131563663482666,0.0001,100000,42.90782243432477,1.25
12,120000.0,12.0,1.0,1.0,0.07925156503915787,0.07925156503915787,0.004764818120747805,0.05476832017302513,3.9801619052886963,0.778941810131073,2.1397464275360107,0.0001,120000,51.346538465004414,1.25
14,140000.0,14.0,1.0,1.0,0.07896667718887329,0.07896667718887329,-0.008858129382133484,0.05529393255710602,4.033560752868652,0.788838803768158,2.1471240520477295,0.0001,140000,59.94388669915497,1.25
16,160000.0,16.0,1.0,1.0,0.08047646284103394,0.08047646284103394,-0.014549746178090572,0.053204718977212906,4.074507713317871,0.7908468246459961,2.152134418487549,0.0001,160000,68.59581990214065,1.25
18,180000.0,18.0,1.0,1.0,0.07904912531375885,0.07904912531375885,-0.01647830940783024,0.05637899413704872,4.098580837249756,0.790058970451355,2.154484272003174,0.0001,180000,77.11230396898463,1.25
20,200000.0,20.0,1.0,1.0,0.07904398441314697,0.07904398441314697,-0.003435845486819744,0.05890069156885147,4.10530424118042,0.7884877920150757,2.154710054397583,0.0001,200000,85.68938582995906,1.25
60,600000.0,60.0,1.0,1.0,0.07908070832490921,0.07908070832490921,-0.013298751786351204,0.05952878296375275,4.188096046447754,0.7829592823982239,2.1635565757751465,0.0001,600000,256.8139603170566,1.25
80,800000.0,80.0,1.0,1.0,0.07886341214179993,0.07886341214179993,-0.00567701505497098,0.05435514077544212,4.194915771484375,0.7882364988327026,2.165254592895508,0.0001,800000,342.37252085469663,1.25
100,1000000.0,100.0,1.0,1.0,0.07967166602611542,0.07967166602611542,-0.0178255345672369,0.05495644733309746,4.184197902679443,0.7895122170448303,2.1644256114959717,0.0001,1000000,424.17115518590435,1.25
1,10000.0,1.0,1.0,1.0,0.4221929907798767,0.4221929907798767,-0.002495760330930352,0.04164770990610123,1.916110634803772,0.8168311715126038,1.5985420942306519,0.0001,10000,4.253127752803266,1.5
2,20000.0,2.0,1.0,1.0,0.2356620579957962,0.2356620579957962,-0.00405760295689106,0.05063340812921524,2.6073379516601562,0.8057914972305298,1.6640856266021729,0.0001,20000,8.586532298941165,1.5
4,40000.0,4.0,1.0,1.0,0.1251063197851181,0.1251063197851181,0.004963202401995659,0.050109490752220154,3.390486478805542,0.8127945065498352,1.7394912242889404,0.0001,40000,16.940538187976927,1.5
6,60000.0,6.0,1.0,1.0,0.0945645198225975,0.0945645198225975,0.000978377996943891,0.049609169363975525,3.8305277824401855,0.8145797848701477,1.7809520959854126,0.0001,60000,25.411260809749365,1.5
8,80000.0,8.0,1.0,1.0,0.0865231528878212,0.0865231528878212,0.0007407076773233712,0.04882867634296417,4.020312786102295,0.8166179656982422,1.7989661693572998,0.0001,80000,33.93563990667462,1.5
10,100000.0,10.0,1.0,1.0,0.08459173142910004,0.08459173142910004,0.007379358168691397,0.04621824622154236,4.136899948120117,0.8232089281082153,1.8107385635375977,0.0001,100000,42.26724779512733,1.5
12,120000.0,12.0,1.0,1.0,0.08254413306713104,0.08254413306713104,-0.010844002477824688,0.04348345473408699,4.239449501037598,0.8192228078842163,1.8198611736297607,0.0001,120000,50.83052410604432,1.5
14,140000.0,14.0,1.0,1.0,0.08189789950847626,0.08189789950847626,0.002855138387531042,0.04778457060456276,4.279698848724365,0.821502685546875,1.823471188545227,0.0001,140000,59.15754358191043,1.5
16,160000.0,16.0,1.0,1.0,0.08093949407339096,0.08093949407339096,-0.0002226509095635265,0.04937491938471794,4.310117721557617,0.8225107192993164,1.8265753984451294,0.0001,160000,67.76154297310859,1.5
18,180000.0,18.0,1.0,1.0,0.0803142637014389,0.0803142637014389,0.00018427733448334038,0.04928253963589668,4.322936534881592,0.8205780982971191,1.8271064758300781,0.0001,180000,76.2686970778741,1.5
20,200000.0,20.0,1.0,1.0,0.08124314248561859,0.08124314248561859,-0.010336850769817829,0.052214521914720535,4.3701300621032715,0.8209373354911804,1.831380009651184,0.0001,200000,84.72269841609523,1.5
60,600000.0,60.0,1.0,1.0,0.08197304606437683,0.08197304606437683,-0.010994077660143375,0.0445987693965435,4.439511775970459,0.8207032084465027,1.8381396532058716,0.0001,600000,257.16323741478845,1.5
80,800000.0,80.0,1.0,1.0,0.08026138693094254,0.08026138693094254,-0.014510351233184338,0.04571673646569252,4.470921993255615,0.8111643195152283,1.840496301651001,0.0001,800000,343.17582346871495,1.5
100,1000000.0,100.0,1.0,1.0,0.0817442461848259,0.0817442461848259,-0.01518965046852827,0.04946748912334442,4.451083660125732,0.8228638768196106,1.8394370079040527,0.0001,1000000,428.51378544187173,1.5
