r,completed_steps,s,u,t,kl_to_path,kl_to_target,mean_x1,mean_x2,var_x1,var_x2,mean_guidance,eta,n_steps
1.0,0.0,0.0,0.0,0.0,0.08958488702774048,0.8982871770858765,-8.56628394103609e-05,-0.002894688630476594,0.9977625608444214,0.992104709148407,1.835579752922058,0.0001,10000.0
1.0,417.0,0.0417,0.0417,0.0417,0.08524887263774872,0.909132719039917,-0.0007062789518386126,0.0009146627853624523,0.9798341393470764,0.9685607552528381,1.8297505378723145,0.0001,10000.0
1.0,833.0,0.0833,0.0833,0.0833,0.07731561362743378,0.9171863794326782,-0.0009123278432525694,0.0038122355472296476,0.9623095989227295,0.9483354091644287,1.824458122253418,0.0001,10000.0
1.0,1250.0,0.125,0.125,0.125,0.07413146644830704,0.9265210628509521,-0.0005383045645430684,0.006428970023989677,0.9488155245780945,0.9324339628219604,1.8203686475753784,0.0001,10000.0
1.0,1667.0,0.16670000000000001,0.16670000000000001,0.16670000000000001,0.07091653347015381,0.9329738616943359,-0.00014829040446784347,0.009749464690685272,0.938586950302124,0.9177133440971375,1.816756248474121,0.0001,10000.0
1.0,2083.0,0.2083,0.2083,0.2083,0.06754611432552338,0.9387078881263733,0.0007387112127617002,0.012925173155963421,0.9299408793449402,0.9025786519050598,1.8132872581481934,0.0001,10000.0
1.0,2500.0,0.25,0.25,0.25,0.06462076306343079,0.9425498247146606,0.0004340472223702818,0.01470259577035904,0.9237513542175293,0.8912800550460815,1.8106640577316284,0.0001,10000.0
1.0,2917.0,0.2917,0.2917,0.2917,0.06033435836434364,0.9440727829933167,-0.0016370430821552873,0.01747799851000309,0.9171223640441895,0.8810811638832092,1.808255910873413,0.0001,10000.0
1.0,3333.0,0.33330000000000004,0.33330000000000004,0.33330000000000004,0.060122910887002945,0.9431920051574707,-0.002332742791622877,0.019848214462399483,0.9175466299057007,0.8678852915763855,1.8062465190887451,0.0001,10000.0
1.0,3750.0,0.375,0.375,0.375,0.06124056503176689,0.9369613528251648,-0.0021292914170771837,0.021988797932863235,0.9243209958076477,0.8600552082061768,1.8057218790054321,0.0001,10000.0
1.0,4167.0,0.4167,0.4167,0.4167,0.06436572223901749,0.9273042678833008,-0.0035429398994892836,0.022974349558353424,0.9343587756156921,0.854582667350769,1.8060271739959717,0.0001,10000.0
1.0,4583.0,0.45830000000000004,0.45830000000000004,0.45830000000000004,0.07386933267116547,0.9139118194580078,-0.0019783598836511374,0.025092946365475655,0.9506762623786926,0.8479071259498596,1.8069214820861816,0.0001,10000.0
1.0,5000.0,0.5,0.5,0.5,0.08702455461025238,0.8926069736480713,-0.0020963524002581835,0.025631751865148544,0.9758084416389465,0.841107964515686,1.8089407682418823,0.0001,10000.0
1.0,5417.0,0.5417000000000001,0.5417000000000001,0.5417000000000001,0.10815523564815521,0.8660135269165039,-0.0008432330214418471,0.02730976976454258,1.007628083229065,0.8347486853599548,1.8118093013763428,0.0001,10000.0
1.0,5833.0,0.5833,0.5833,0.5833,0.13623908162117004,0.8344507217407227,-0.0019484146032482386,0.029251703992486,1.0459973812103271,0.8261415362358093,1.8151845932006836,0.0001,10000.0
1.0,6250.0,0.625,0.625,0.625,0.17340907454490662,0.7982372641563416,-0.0024301274679601192,0.03005131706595421,1.0957680940628052,0.8231360912322998,1.8208671808242798,0.0001,10000.0
1.0,6667.0,0.6667000000000001,0.6667000000000001,0.6667000000000001,0.21222269535064697,0.7516090273857117,-0.0006906311609782279,0.032199595123529434,1.1571362018585205,0.8166002631187439,1.8273053169250488,0.0001,10000.0
1.0,7083.0,0.7083,0.7083,0.7083,0.2604021430015564,0.7090845108032227,0.0002841788518708199,0.031896255910396576,1.2218459844589233,0.8174464106559753,1.8353443145751953,0.0001,10000.0
1.0,7500.0,0.75,0.75,0.75,0.3070771098136902,0.6603744029998779,0.0007843920611776412,0.03144283965229988,1.2983481884002686,0.8135610818862915,1.8441412448883057,0.0001,10000.0
1.0,7917.0,0.7917000000000001,0.7917000000000001,0.7917000000000001,0.3519972264766693,0.6124002933502197,0.0016253754729405046,0.033527325838804245,1.3789684772491455,0.8100910782814026,1.8532778024673462,0.0001,10000.0
1.0,8333.0,0.8333,0.8333,0.8333,0.3898118734359741,0.5648710131645203,0.0011312267743051052,0.035477880388498306,1.4696698188781738,0.8049322366714478,1.863408088684082,0.0001,10000.0
1.0,8750.0,0.875,0.875,0.875,0.4143136739730835,0.5168443322181702,0.0008831825107336044,0.03665972873568535,1.5666273832321167,0.8007735013961792,1.8744549751281738,0.0001,10000.0
1.0,9167.0,0.9167000000000001,0.9167000000000001,0.9167000000000001,0.4211121201515198,0.4688452482223511,0.0011810512514784932,0.03694106265902519,1.6692686080932617,0.7984469532966614,1.8864961862564087,0.0001,10000.0
1.0,9583.0,0.9583,0.9583,0.9583,0.41424402594566345,0.4276595115661621,0.00027265699463896453,0.038375746458768845,1.7730478048324585,0.7984383702278137,1.8988152742385864,0.0001,10000.0
1.0,10000.0,1.0,1.0,1.0,0.3890632092952728,0.3890632092952728,0.0006499027949757874,0.03813055157661438,1.8771121501922607,0.7968246340751648,1.9109987020492554,0.0001,10000.0
2.0,0.0,0.0,0.0,0.0,0.08958488702774048,0.8982871770858765,-8.56628394103609e-05,-0.002894688630476594,0.9977625608444214,0.992104709148407,1.835579752922058,0.0001,20000.0
2.0,833.0,0.0833,0.04165,0.04165,0.07955954968929291,0.9192520380020142,-3.877593917422928e-05,0.003037252463400364,0.9634789824485779,0.9521912336349487,1.8250842094421387,0.0001,20000.0
2.0,1667.0,0.16670000000000001,0.08335000000000001,0.08335000000000001,0.07159663736820221,0.935691237449646,0.0028694276697933674,0.00789031945168972,0.9364174008369446,0.9212973713874817,1.8169971704483032,0.0001,20000.0
2.0,2500.0,0.25,0.125,0.125,0.06562118232250214,0.952004075050354,0.0025237025693058968,0.014169386588037014,0.9103018641471863,0.8922772407531738,1.8091130256652832,0.0001,20000.0
2.0,3333.0,0.33330000000000004,0.16665000000000002,0.16665000000000002,0.06061280518770218,0.9602993726730347,0.0034091591369360685,0.019026843830943108,0.8944098949432373,0.8693916201591492,1.8035050630569458,0.0001,20000.0
2.0,4167.0,0.4167,0.20835,0.20835,0.05898388475179672,0.966375470161438,0.0025438894517719746,0.02332434058189392,0.8870081305503845,0.8488085269927979,1.7992615699768066,0.0001,20000.0
2.0,5000.0,0.5,0.25,0.25,0.056484632194042206,0.9675620794296265,0.0007796710706315935,0.028111902996897697,0.8828022480010986,0.8371484279632568,1.7967571020126343,0.0001,20000.0
2.0,5833.0,0.5833,0.29165,0.29165,0.054731983691453934,0.9666754007339478,-0.000272141071036458,0.028883257880806923,0.881305992603302,0.8218530416488647,1.794385313987732,0.0001,20000.0
2.0,6667.0,0.6667000000000001,0.33335000000000004,0.33335000000000004,0.055383287370204926,0.9622151255607605,-0.0005506867892108858,0.03309491276741028,0.8864459991455078,0.8126317262649536,1.7934656143188477,0.0001,20000.0
2.0,7500.0,0.75,0.375,0.375,0.05717674642801285,0.9512873888015747,0.00025053598801605403,0.03549380600452423,0.8992726802825928,0.8050991892814636,1.7938326597213745,0.0001,20000.0
2.0,8333.0,0.8333,0.41665,0.41665,0.06273705512285233,0.9321896433830261,-0.0005571209476329386,0.03644581139087677,0.9227060079574585,0.7993066310882568,1.7956846952438354,0.0001,20000.0
2.0,9167.0,0.9167000000000001,0.45835000000000004,0.45835000000000004,0.07005469501018524,0.9064874649047852,-3.260444646002725e-05,0.03895260766148567,0.9523130655288696,0.7959221005439758,1.7987147569656372,0.0001,20000.0
2.0,10000.0,1.0,0.5,0.5,0.08127886056900024,0.8712717890739441,0.0007670722552575171,0.040068045258522034,0.9955930709838867,0.7930072546005249,1.803452730178833,0.0001,20000.0
2.0,10833.0,1.0833000000000002,0.5416500000000001,0.5416500000000001,0.0948839858174324,0.8256078958511353,0.0017970288172364235,0.041751448065042496,1.0516413450241089,0.7893344759941101,1.8097243309020996,0.0001,20000.0
2.0,11667.0,1.1667,0.58335,0.58335,0.1151251494884491,0.773373007774353,0.00030891021015122533,0.044697221368551254,1.1231422424316406,0.7847250699996948,1.817664623260498,0.0001,20000.0
2.0,12500.0,1.25,0.625,0.625,0.13914793729782104,0.7152299880981445,-1.421850174665451e-05,0.043685827404260635,1.21138596534729,0.7854514718055725,1.828489065170288,0.0001,20000.0
2.0,13333.0,1.3333000000000002,0.6666500000000001,0.6666500000000001,0.16973932087421417,0.6600943803787231,0.0015374859794974327,0.04693819209933281,1.3037508726119995,0.7846213579177856,1.839330792427063,0.0001,20000.0
2.0,14167.0,1.4167,0.70835,0.70835,0.19760629534721375,0.5945597887039185,0.00029759982135146856,0.04856221005320549,1.4187817573547363,0.7830365896224976,1.8528707027435303,0.0001,20000.0
2.0,15000.0,1.5,0.75,0.75,0.22461485862731934,0.529795229434967,-0.0022650884930044413,0.04962271451950073,1.5423296689987183,0.7837439775466919,1.867902159690857,0.0001,20000.0
2.0,15833.0,1.5833000000000002,0.7916500000000001,0.7916500000000001,0.24560213088989258,0.4633888602256775,-0.0026979290414601564,0.05109982192516327,1.6880968809127808,0.7834465503692627,1.8852399587631226,0.0001,20000.0
2.0,16667.0,1.6667,0.83335,0.83335,0.2620578408241272,0.4039248824119568,-0.0007050365093164146,0.051416389644145966,1.8417022228240967,0.7817486524581909,1.9033784866333008,0.0001,20000.0
2.0,17500.0,1.75,0.875,0.875,0.2680501341819763,0.3486109972000122,-0.0013317620614543557,0.05447835475206375,1.998531460762024,0.780795156955719,1.9217430353164673,0.0001,20000.0
2.0,18333.0,1.8333000000000002,0.9166500000000001,0.9166500000000001,0.26171717047691345,0.2978259027004242,0.00030013054492883384,0.053581662476062775,2.1681108474731445,0.7773886919021606,1.9413303136825562,0.0001,20000.0
2.0,19167.0,1.9167,0.95835,0.95835,0.2456764280796051,0.2553938031196594,-0.0008291222038678825,0.05514156073331833,2.3353092670440674,0.7764555215835571,1.960828423500061,0.0001,20000.0
2.0,20000.0,2.0,1.0,1.0,0.21946124732494354,0.21946124732494354,-0.0008929878240451217,0.05536399781703949,2.4972360134124756,0.776454508304596,1.9797290563583374,0.0001,20000.0
4.0,0.0,0.0,0.0,0.0,0.08958488702774048,0.8982871770858765,-8.56628394103609e-05,-0.002894688630476594,0.9977625608444214,0.992104709148407,1.835579752922058,0.0001,40000.0
4.0,1667.0,0.16670000000000001,0.041675000000000004,0.041675000000000004,0.07171645760536194,0.9278364777565002,0.001072616083547473,0.010102728381752968,0.9403502345085144,0.9208475947380066,1.8173829317092896,0.0001,40000.0
4.0,3333.0,0.33330000000000004,0.08332500000000001,0.08332500000000001,0.06301353126764297,0.9561833143234253,-0.0026627029292285442,0.021109556779265404,0.9007747769355774,0.8670849800109863,1.8039206266403198,0.0001,40000.0
4.0,5000.0,0.5,0.125,0.125,0.05681605637073517,0.9761059284210205,-0.003813675371930003,0.029903778806328773,0.8714316487312317,0.8335687518119812,1.7948490381240845,0.0001,40000.0
4.0,6667.0,0.6667000000000001,0.16667500000000002,0.16667500000000002,0.052679628133773804,0.9850744605064392,-0.004516392480581999,0.03548523038625717,0.855320394039154,0.8131213188171387,1.789603352546692,0.0001,40000.0
4.0,8333.0,0.8333,0.208325,0.208325,0.052049241960048676,0.9904304146766663,-0.005714147351682186,0.03770942613482475,0.8483386039733887,0.7959855198860168,1.7861868143081665,0.0001,40000.0
4.0,10000.0,1.0,0.25,0.25,0.05234888195991516,0.9924516081809998,-0.0017219361616298556,0.04336806386709213,0.8466145992279053,0.7876332998275757,1.7842658758163452,0.0001,40000.0
4.0,11667.0,1.1667,0.291675,0.291675,0.05300547182559967,0.9837901592254639,-0.0009559767786413431,0.04376983270049095,0.8599992394447327,0.7834247946739197,1.7851674556732178,0.0001,40000.0
4.0,13333.0,1.3333000000000002,0.33332500000000004,0.33332500000000004,0.052528589963912964,0.9655150175094604,-0.0004823630442842841,0.045038171112537384,0.8779840469360352,0.7791374325752258,1.7867093086242676,0.0001,40000.0
4.0,15000.0,1.5,0.375,0.375,0.054925426840782166,0.9369041919708252,-0.0004798241425305605,0.047981102019548416,0.9129081964492798,0.7746235132217407,1.7900594472885132,0.0001,40000.0
4.0,16667.0,1.6667,0.416675,0.416675,0.057324931025505066,0.9043295979499817,-0.0012304297415539622,0.05055001750588417,0.9524728059768677,0.7779051065444946,1.7951687574386597,0.0001,40000.0
4.0,18333.0,1.8333000000000002,0.45832500000000004,0.45832500000000004,0.06268903613090515,0.8605787754058838,-0.001477262587286532,0.05032654106616974,1.010410189628601,0.7723658084869385,1.801419973373413,0.0001,40000.0
4.0,20000.0,2.0,0.5,0.5,0.06987133622169495,0.8072777390480042,0.0006431502988561988,0.05170489102602005,1.0824952125549316,0.7754824161529541,1.810504674911499,0.0001,40000.0
4.0,21667.0,2.1667,0.541675,0.541675,0.07867862284183502,0.7431288957595825,-0.002118078526109457,0.05449069291353226,1.1781080961227417,0.7813975811004639,1.8227983713150024,0.0001,40000.0
4.0,23333.0,2.3333,0.583325,0.583325,0.08864151686429977,0.6725044250488281,-0.00045419784146361053,0.05603034049272537,1.2892308235168457,0.7776430249214172,1.8356661796569824,0.0001,40000.0
4.0,25000.0,2.5,0.625,0.625,0.10061119496822357,0.5973408222198486,0.0010590697638690472,0.05671126767992973,1.4232368469238281,0.7812615633010864,1.8523718118667603,0.0001,40000.0
4.0,26667.0,2.6667,0.666675,0.666675,0.11516222357749939,0.5211556553840637,-0.0012592165730893612,0.056792616844177246,1.5765342712402344,0.7779449224472046,1.8703327178955078,0.0001,40000.0
4.0,28333.0,2.8333,0.708325,0.708325,0.12685096263885498,0.44582852721214294,-0.0030653332360088825,0.05888185277581215,1.7474606037139893,0.7770742774009705,1.8905032873153687,0.0001,40000.0
4.0,30000.0,3.0,0.75,0.75,0.13823536038398743,0.372274249792099,-0.004052844364196062,0.05815902352333069,1.9492131471633911,0.7742757797241211,1.9141608476638794,0.0001,40000.0
4.0,31667.0,3.1667,0.791675,0.791675,0.1474759578704834,0.3089146614074707,-0.003891024738550186,0.05659807473421097,2.1496269702911377,0.7743738293647766,1.9382827281951904,0.0001,40000.0
4.0,33333.0,3.3333000000000004,0.8333250000000001,0.8333250000000001,0.1527632772922516,0.25284644961357117,-0.004949286580085754,0.05470098555088043,2.3794755935668945,0.7816159129142761,1.966204285621643,0.0001,40000.0
4.0,35000.0,3.5,0.875,0.875,0.15023893117904663,0.20404082536697388,-0.0042703961953520775,0.05509260669350624,2.6068642139434814,0.7869741916656494,1.9934115409851074,0.0001,40000.0
4.0,36667.0,3.6667,0.916675,0.916675,0.14230918884277344,0.1650097668170929,-0.0038000859785825014,0.05482928082346916,2.8334383964538574,0.7850682735443115,2.0192058086395264,0.0001,40000.0
4.0,38333.0,3.8333000000000004,0.9583250000000001,0.9583250000000001,0.13037902116775513,0.13604998588562012,-0.005288677755743265,0.0554107129573822,3.0546414852142334,0.7847552299499512,2.0445749759674072,0.0001,40000.0
4.0,40000.0,4.0,1.0,1.0,0.11549690365791321,0.11549690365791321,-0.00475498428568244,0.05693279951810837,3.254884958267212,0.7852783799171448,2.0675065517425537,0.0001,40000.0
6.0,0.0,0.0,0.0,0.0,0.08958488702774048,0.8982871770858765,-8.56628394103609e-05,-0.002894688630476594,0.9977625608444214,0.992104709148407,1.835579752922058,0.0001,60000.0
6.0,2500.0,0.25,0.041666666666666664,0.041666666666666664,0.06571267545223236,0.9483085870742798,0.0016601281240582466,0.01151041965931654,0.9124977588653564,0.8870167136192322,1.8088276386260986,0.0001,60000.0
6.0,5000.0,0.5,0.08333333333333333,0.08333333333333333,0.05604676902294159,0.9791297316551208,0.004262707196176052,0.023212887346744537,0.8658182621002197,0.8336374759674072,1.7945785522460938,0.0001,60000.0
6.0,7500.0,0.75,0.125,0.125,0.053815748542547226,0.9989763498306274,0.0066084605641663074,0.031550969928503036,0.8422003984451294,0.8077157139778137,1.7874081134796143,0.0001,60000.0
6.0,10000.0,1.0,0.16666666666666666,0.16666666666666666,0.05225859582424164,1.0057258605957031,0.003168039722368121,0.037231121212244034,0.8319263458251953,0.7913644313812256,1.7833611965179443,0.0001,60000.0
6.0,12500.0,1.25,0.20833333333333334,0.20833333333333334,0.05170616880059242,1.0031284093856812,0.006835981272161007,0.04416695237159729,0.8355279564857483,0.7861212491989136,1.7825343608856201,0.0001,60000.0
6.0,15000.0,1.5,0.25,0.25,0.051104120910167694,0.9964756369590759,0.004998312797397375,0.04514048621058464,0.841739296913147,0.7777013778686523,1.782043218612671,0.0001,60000.0
6.0,17500.0,1.75,0.2916666666666667,0.2916666666666667,0.05282048508524895,0.9817454218864441,0.0019666943699121475,0.047942936420440674,0.8588865399360657,0.7745866179466248,1.783502459526062,0.0001,60000.0
6.0,20000.0,2.0,0.3333333333333333,0.3333333333333333,0.05457702651619911,0.9611732959747314,0.0019890146795660257,0.049421388655900955,0.8839678168296814,0.7731566429138184,1.786220908164978,0.0001,60000.0
6.0,22500.0,2.25,0.375,0.375,0.053661931306123734,0.9217938184738159,0.004654564894735813,0.05225231498479843,0.9271714091300964,0.7710619568824768,1.7911550998687744,0.0001,60000.0
6.0,25000.0,2.5,0.4166666666666667,0.4166666666666667,0.05835157260298729,0.8876704573631287,0.004013150930404663,0.051910173147916794,0.9741949439048767,0.7780213356018066,1.7979202270507812,0.0001,60000.0
6.0,27500.0,2.75,0.4583333333333333,0.4583333333333333,0.05907605588436127,0.8351117372512817,0.006594797596335411,0.052593983709812164,1.0414854288101196,0.7705363035202026,1.8050013780593872,0.0001,60000.0
6.0,30000.0,3.0,0.5,0.5,0.0665530115365982,0.7792481184005737,0.005593336187303066,0.052499208599328995,1.1277422904968262,0.7730085849761963,1.8157943487167358,0.0001,60000.0
6.0,32500.0,3.25,0.5416666666666666,0.5416666666666666,0.07201431691646576,0.7053245306015015,0.0040344782173633575,0.0546303354203701,1.2418451309204102,0.7799972891807556,1.8305548429489136,0.0001,60000.0
6.0,35000.0,3.5,0.5833333333333334,0.5833333333333334,0.07822071015834808,0.6272366046905518,0.002946492750197649,0.05523340031504631,1.3721905946731567,0.7766472101211548,1.845725417137146,0.0001,60000.0
6.0,37500.0,3.75,0.625,0.625,0.0886043906211853,0.5508254766464233,-0.0012345410650596023,0.05544912442564964,1.522440791130066,0.7779738903045654,1.8639246225357056,0.0001,60000.0
6.0,40000.0,4.0,0.6666666666666666,0.6666666666666666,0.09736792743206024,0.4679363965988159,-0.004881627857685089,0.05395791307091713,1.7073354721069336,0.7740069031715393,1.8854777812957764,0.0001,60000.0
6.0,42500.0,4.25,0.7083333333333334,0.7083333333333334,0.10454174876213074,0.3875965476036072,-0.003409497207030654,0.053496718406677246,1.916549801826477,0.7721288204193115,1.9102065563201904,0.0001,60000.0
6.0,45000.0,4.5,0.75,0.75,0.11061273515224457,0.3122757375240326,-0.004242664203047752,0.05470617115497589,2.151520252227783,0.772318959236145,1.938018798828125,0.0001,60000.0
6.0,47500.0,4.75,0.7916666666666666,0.7916666666666666,0.11524069309234619,0.24994277954101562,-0.00451041990891099,0.054841361939907074,2.390706777572632,0.7744377851486206,1.9664335250854492,0.0001,60000.0
6.0,50000.0,5.0,0.8333333333333334,0.8333333333333334,0.11532232165336609,0.19530507922172546,-0.0056517403572797775,0.05729227885603905,2.6508545875549316,0.7766634225845337,1.9967578649520874,0.0001,60000.0
6.0,52500.0,5.25,0.875,0.875,0.1134154349565506,0.1540842354297638,-0.004419990815222263,0.055352624505758286,2.9185738563537598,0.7808318138122559,2.028489112854004,0.0001,60000.0
6.0,55000.0,5.5,0.9166666666666666,0.9166666666666666,0.10823336243629456,0.12453287839889526,-0.005733653903007507,0.05683854967355728,3.16853928565979,0.785183846950531,2.0576255321502686,0.0001,60000.0
6.0,57500.0,5.75,0.9583333333333334,0.9583333333333334,0.09975133091211319,0.1034901961684227,-0.006870600860565901,0.05558989197015762,3.415966510772705,0.7830407619476318,2.085369348526001,0.0001,60000.0
6.0,60000.0,6.0,1.0,1.0,0.09134727716445923,0.09134727716445923,-0.005058390088379383,0.05648394301533699,3.616126775741577,0.780243456363678,2.107581615447998,0.0001,60000.0
8.0,0.0,0.0,0.0,0.0,0.08958488702774048,0.8982871770858765,-8.56628394103609e-05,-0.002894688630476594,0.9977625608444214,0.992104709148407,1.835579752922058,0.0001,80000.0
8.0,3333.0,0.33330000000000004,0.041662500000000005,0.041662500000000005,0.06187383830547333,0.9614020586013794,0.0003403671144042164,0.020340394228696823,0.8926596641540527,0.8674841523170471,1.8030952215194702,0.0001,80000.0
8.0,6667.0,0.6667000000000001,0.08333750000000001,0.08333750000000001,0.05434584617614746,0.9911700487136841,0.00029137221281416714,0.03587203100323677,0.8488824367523193,0.8161271214485168,1.7892780303955078,0.0001,80000.0
8.0,10000.0,1.0,0.125,0.125,0.05143734812736511,1.0084577798843384,0.0011295683216303587,0.04438246041536331,0.8272354006767273,0.7959656119346619,1.7829043865203857,0.0001,80000.0
8.0,13333.0,1.3333000000000002,0.16666250000000002,0.16666250000000002,0.05140388011932373,1.0082380771636963,0.0016557363560423255,0.05328727513551712,0.8282274007797241,0.780719518661499,1.780287265777588,0.0001,80000.0
8.0,16667.0,1.6667,0.2083375,0.2083375,0.05248923599720001,1.0060820579528809,0.0013882855419069529,0.054893601685762405,0.8316747546195984,0.7752131819725037,1.7797306776046753,0.0001,80000.0
8.0,20000.0,2.0,0.25,0.25,0.05105018615722656,0.9947713613510132,0.0024648106191307306,0.05681825056672096,0.8424304723739624,0.7793464064598083,1.781642198562622,0.0001,80000.0
8.0,23333.0,2.3333,0.2916625,0.2916625,0.05175313726067543,0.9758642315864563,-0.0006540565518662333,0.0599784255027771,0.8633659482002258,0.7737714052200317,1.7832906246185303,0.0001,80000.0
8.0,26667.0,2.6667,0.3333375,0.3333375,0.052941009402275085,0.9539074301719666,-6.901260348968208e-05,0.062028251588344574,0.8905898332595825,0.774863600730896,1.7865972518920898,0.0001,80000.0
8.0,30000.0,3.0,0.375,0.375,0.05445609986782074,0.9151120185852051,0.0040346975438296795,0.06190535053610802,0.9376806020736694,0.7731256484985352,1.7920526266098022,0.0001,80000.0
8.0,33333.0,3.3333000000000004,0.41666250000000005,0.41666250000000005,0.055983301252126694,0.8717774152755737,0.000826603383757174,0.05864490568637848,0.9926156401634216,0.7733925580978394,1.7990446090698242,0.0001,80000.0
8.0,36667.0,3.6667,0.4583375,0.4583375,0.06014934182167053,0.8213400840759277,0.0011602408485487103,0.058829713612794876,1.0643378496170044,0.7803483009338379,1.8086267709732056,0.0001,80000.0
8.0,40000.0,4.0,0.5,0.5,0.06407762318849564,0.7557410001754761,-0.0026548742316663265,0.05606186389923096,1.1624220609664917,0.7802661657333374,1.820690393447876,0.0001,80000.0
8.0,43333.0,4.3333,0.5416625,0.5416625,0.06717132031917572,0.6763931512832642,0.0034328019246459007,0.05795544758439064,1.285739779472351,0.7735870480537415,1.834612488746643,0.0001,80000.0
8.0,46667.0,4.6667000000000005,0.5833375000000001,0.5833375000000001,0.07416264712810516,0.5945917367935181,0.001805224223062396,0.05579325556755066,1.4343544244766235,0.7713828086853027,1.852309226989746,0.0001,80000.0
8.0,50000.0,5.0,0.625,0.625,0.08044701814651489,0.5117398500442505,0.000748020363971591,0.05244313180446625,1.6098015308380127,0.780110239982605,1.8747903108596802,0.0001,80000.0
8.0,53333.0,5.3333,0.6666625,0.6666625,0.08614163845777512,0.426087886095047,0.00029009353602305055,0.051754891872406006,1.8132883310317993,0.7820680737495422,1.8992377519607544,0.0001,80000.0
8.0,56667.0,5.6667000000000005,0.7083375000000001,0.7083375000000001,0.09280510246753693,0.34555289149284363,-0.0009464339818805456,0.05095108225941658,2.0510621070861816,0.7810223698616028,1.927205204963684,0.0001,80000.0
8.0,60000.0,6.0,0.75,0.75,0.09537442028522491,0.27283793687820435,-0.0015959007432684302,0.05615230277180672,2.2997310161590576,0.7835948467254639,1.9569072723388672,0.0001,80000.0
8.0,63333.0,6.3333,0.7916625,0.7916625,0.0977100357413292,0.21242967247962952,-0.001429238822311163,0.05794648453593254,2.5667176246643066,0.7838819622993469,1.9879052639007568,0.0001,80000.0
8.0,66667.0,6.6667000000000005,0.8333375000000001,0.8333375000000001,0.09864230453968048,0.16534113883972168,-0.004103566519916058,0.060202401131391525,2.8403334617614746,0.7837062478065491,2.0195069313049316,0.0001,80000.0
8.0,70000.0,7.0,0.875,0.875,0.09669335186481476,0.12921980023384094,-0.007217274978756905,0.059604890644550323,3.130542516708374,0.7859435677528381,2.0530545711517334,0.0001,80000.0
8.0,73333.0,7.3333,0.9166625,0.9166625,0.09415069222450256,0.10676487535238266,-0.009066818282008171,0.059015046805143356,3.3805418014526367,0.7835744619369507,2.0814130306243896,0.0001,80000.0
8.0,76667.0,7.6667000000000005,0.9583375000000001,0.9583375000000001,0.08838612586259842,0.09113874286413193,-0.010002616792917252,0.05882595479488373,3.61082124710083,0.7810508608818054,2.10725736618042,0.0001,80000.0
8.0,80000.0,8.0,1.0,1.0,0.08386699855327606,0.08386699855327606,-0.008674114011228085,0.05719108134508133,3.8048698902130127,0.789713442325592,2.130312442779541,0.0001,80000.0
10.0,0.0,0.0,0.0,0.0,0.08958488702774048,0.8982871770858765,-8.56628394103609e-05,-0.002894688630476594,0.9977625608444214,0.992104709148407,1.835579752922058,0.0001,100000.0
10.0,4167.0,0.4167,0.04167,0.04167,0.0588495135307312,0.9760931134223938,0.0009817301761358976,0.02435656264424324,0.8729483485221863,0.8559839129447937,1.7985857725143433,0.0001,100000.0
10.0,8333.0,0.8333,0.08333,0.08333,0.05480288714170456,1.0064287185668945,-0.005351292435079813,0.03870118409395218,0.833042323589325,0.8051258325576782,1.785280704498291,0.0001,100000.0
10.0,12500.0,1.25,0.125,0.125,0.052339229732751846,1.0086888074874878,-0.001797582022845745,0.04632275179028511,0.8291745185852051,0.780178427696228,1.7805389165878296,0.0001,100000.0
10.0,16667.0,1.6667,0.16667,0.16667,0.050975602120161057,1.0098237991333008,-0.005503338295966387,0.051079753786325455,0.8249872922897339,0.7695503234863281,1.7785111665725708,0.0001,100000.0
10.0,20833.0,2.0833,0.20833,0.20833,0.05059818923473358,1.0057690143585205,-0.0024605020880699158,0.055800583213567734,0.8300794363021851,0.7751256227493286,1.7796024084091187,0.0001,100000.0
10.0,25000.0,2.5,0.25,0.25,0.05153314769268036,0.994179904460907,-0.0047395373694598675,0.05803525075316429,0.8428258299827576,0.7809118628501892,1.7818293571472168,0.0001,100000.0
10.0,29167.0,2.9167,0.29167,0.29167,0.05236171558499336,0.9794047474861145,0.001340063288807869,0.06302516162395477,0.8609908819198608,0.7748143672943115,1.7828056812286377,0.0001,100000.0
10.0,33333.0,3.3333000000000004,0.33333,0.33333,0.05266457423567772,0.9523140788078308,-0.004063109401613474,0.05715953931212425,0.8931681513786316,0.767295241355896,1.785886526107788,0.0001,100000.0
10.0,37500.0,3.75,0.375,0.375,0.053742729127407074,0.9087411761283875,0.00015415617963299155,0.0547800287604332,0.9479221701622009,0.7794296145439148,1.7946268320083618,0.0001,100000.0
10.0,41667.0,4.1667000000000005,0.41667000000000004,0.41667000000000004,0.05757007375359535,0.860700249671936,0.004361087456345558,0.05505622923374176,1.0115965604782104,0.7796820998191833,1.8024849891662598,0.0001,100000.0
10.0,45833.0,4.5833,0.45833,0.45833,0.05859535187482834,0.8017106056213379,0.0005991346552036703,0.05264108255505562,1.0910868644714355,0.7699479460716248,1.810964584350586,0.0001,100000.0
10.0,50000.0,5.0,0.5,0.5,0.062045201659202576,0.7350050210952759,-0.0013913176953792572,0.05540007725358009,1.1956547498703003,0.774226188659668,1.8239654302597046,0.0001,100000.0
10.0,54167.0,5.4167000000000005,0.5416700000000001,0.5416700000000001,0.06552723050117493,0.657508909702301,0.0011849889997392893,0.05738670751452446,1.3211536407470703,0.7714298963546753,1.838742971420288,0.0001,100000.0
10.0,58333.0,5.8333,0.58333,0.58333,0.071884885430336,0.5748705267906189,0.004512358456850052,0.05673392117023468,1.4804033041000366,0.7764554619789124,1.8584665060043335,0.0001,100000.0
10.0,62500.0,6.25,0.625,0.625,0.07744838297367096,0.4901103973388672,0.006262850947678089,0.05831807106733322,1.6619338989257812,0.7711740136146545,1.8795255422592163,0.0001,100000.0
10.0,66667.0,6.6667000000000005,0.6666700000000001,0.6666700000000001,0.0811963751912117,0.40240395069122314,0.0026697765570133924,0.060980331152677536,1.8840665817260742,0.7771481871604919,1.9065141677856445,0.0001,100000.0
10.0,70833.0,7.0833,0.70833,0.70833,0.0838446319103241,0.3202790319919586,0.001873955363407731,0.06003376841545105,2.133146047592163,0.782275378704071,1.9367005825042725,0.0001,100000.0
10.0,75000.0,7.5,0.75,0.75,0.08735617250204086,0.2486272007226944,-0.003546102438122034,0.060770876705646515,2.4095540046691895,0.7768571376800537,1.9680249691009521,0.0001,100000.0
10.0,79167.0,7.9167000000000005,0.7916700000000001,0.7916700000000001,0.08982357382774353,0.19131170213222504,-0.005241453181952238,0.05616769567131996,2.6981236934661865,0.780652642250061,2.002544403076172,0.0001,100000.0
10.0,83333.0,8.333300000000001,0.8333300000000001,0.8333300000000001,0.09179335832595825,0.14782056212425232,-0.0030537487473338842,0.05836344137787819,3.0037288665771484,0.7877463102340698,2.0387532711029053,0.0001,100000.0
10.0,87500.0,8.75,0.875,0.875,0.0881657749414444,0.11528756469488144,-0.004314306657761335,0.0545642226934433,3.2644028663635254,0.7878187298774719,2.069087028503418,0.0001,100000.0
10.0,91667.0,9.1667,0.9166700000000001,0.9166700000000001,0.08571925759315491,0.09533016383647919,0.0036224578507244587,0.055053532123565674,3.5469396114349365,0.7838424444198608,2.1004106998443604,0.0001,100000.0
10.0,95833.0,9.583300000000001,0.9583300000000001,0.9583300000000001,0.08214046061038971,0.08412904292345047,0.002572966506704688,0.0566752664744854,3.768709421157837,0.7795957326889038,2.124783754348755,0.0001,100000.0
10.0,100000.0,10.0,1.0,1.0,0.08078145980834961,0.08078145980834961,-0.0022069402039051056,0.05632114037871361,3.945194721221924,0.7878589630126953,2.1459336280822754,0.0001,100000.0
12.0,0.0,0.0,0.0,0.0,0.08958488702774048,0.8982871770858765,-8.56628394103609e-05,-0.002894688630476594,0.9977625608444214,0.992104709148407,1.835579752922058,0.0001,120000.0
12.0,5000.0,0.5,0.041666666666666664,0.041666666666666664,0.05609878897666931,0.9912121295928955,-0.0015871901996433735,0.023584945127367973,0.8537530303001404,0.8383273482322693,1.7938382625579834,0.0001,120000.0
12.0,10000.0,1.0,0.08333333333333333,0.08333333333333333,0.0516170933842659,1.0143823623657227,0.0008154736133292317,0.039857346564531326,0.8210047483444214,0.790752112865448,1.7817329168319702,0.0001,120000.0
12.0,15000.0,1.5,0.125,0.125,0.05028515309095383,1.0200538635253906,-0.004109586589038372,0.04874872416257858,0.8152114152908325,0.7817707061767578,1.7792079448699951,0.0001,120000.0
12.0,20000.0,2.0,0.16666666666666666,0.16666666666666666,0.05060751363635063,1.0187392234802246,-0.0044620749540627,0.05301930382847786,0.8174552321434021,0.7716943621635437,1.7776455879211426,0.0001,120000.0
12.0,25000.0,2.5,0.20833333333333334,0.20833333333333334,0.05177243798971176,1.0091887712478638,-0.004258170258253813,0.05828693136572838,0.8281234502792358,0.7691086530685425,1.778372883796692,0.0001,120000.0
12.0,30000.0,3.0,0.25,0.25,0.05091920495033264,0.9939318299293518,-0.0042799534276127815,0.056310515850782394,0.8438993692398071,0.7742511034011841,1.7810137271881104,0.0001,120000.0
12.0,35000.0,3.5,0.2916666666666667,0.2916666666666667,0.051913581788539886,0.9739562273025513,-0.00032276130514219403,0.059129875153303146,0.8676307797431946,0.7811478972434998,1.7849558591842651,0.0001,120000.0
12.0,40000.0,4.0,0.3333333333333333,0.3333333333333333,0.053291067481040955,0.9406822919845581,-0.004059734288603067,0.06467454880475998,0.9076328277587891,0.781308114528656,1.7893036603927612,0.0001,120000.0
12.0,45000.0,4.5,0.375,0.375,0.053358446806669235,0.9005274176597595,-0.0033942488953471184,0.06631869077682495,0.956757128238678,0.7778878808021545,1.794856309890747,0.0001,120000.0
12.0,50000.0,5.0,0.4166666666666667,0.4166666666666667,0.055788565427064896,0.8513667583465576,-0.0035958231892436743,0.060753386467695236,1.0265178680419922,0.777085542678833,1.8035120964050293,0.0001,120000.0
12.0,55000.0,5.5,0.4583333333333333,0.4583333333333333,0.058318063616752625,0.7893792390823364,0.001002395641990006,0.057271238416433334,1.1132044792175293,0.7792485356330872,1.8145936727523804,0.0001,120000.0
12.0,60000.0,6.0,0.5,0.5,0.06121509522199631,0.721243143081665,-0.0015662264777347445,0.06156357377767563,1.2180659770965576,0.7825371623039246,1.8274483680725098,0.0001,120000.0
12.0,65000.0,6.5,0.5416666666666666,0.5416666666666666,0.06442989408969879,0.64155513048172,-0.002266485011205077,0.06415317952632904,1.3567737340927124,0.7752322554588318,1.8428207635879517,0.0001,120000.0
12.0,70000.0,7.0,0.5833333333333334,0.5833333333333334,0.06789600104093552,0.5530008673667908,0.0015645608073100448,0.05603860318660736,1.5252623558044434,0.7819738984107971,1.8645849227905273,0.0001,120000.0
12.0,75000.0,7.5,0.625,0.625,0.07398529350757599,0.46480995416641235,0.0023414879105985165,0.06231306120753288,1.7305601835250854,0.776729166507721,1.887978434562683,0.0001,120000.0
12.0,80000.0,8.0,0.6666666666666666,0.6666666666666666,0.07666714489459991,0.37991753220558167,0.004261292051523924,0.06426779925823212,1.9492344856262207,0.7770340442657471,1.9137099981307983,0.0001,120000.0
12.0,85000.0,8.5,0.7083333333333334,0.7083333333333334,0.08087652176618576,0.3023322522640228,-0.0049682362005114555,0.06184593588113785,2.1992900371551514,0.7742642760276794,1.9432036876678467,0.0001,120000.0
12.0,90000.0,9.0,0.75,0.75,0.08243352174758911,0.23419879376888275,-0.0026471929159015417,0.05631870776414871,2.466421127319336,0.7829326391220093,1.9761680364608765,0.0001,120000.0
12.0,95000.0,9.5,0.7916666666666666,0.7916666666666666,0.08596310019493103,0.17994529008865356,-0.003446141956374049,0.05643371865153313,2.7624402046203613,0.7860413789749146,2.0109875202178955,0.0001,120000.0
12.0,100000.0,10.0,0.8333333333333334,0.8333333333333334,0.08629541099071503,0.13797128200531006,0.00021719245705753565,0.054859813302755356,3.065354585647583,0.7843390703201294,2.045548915863037,0.0001,120000.0
12.0,105000.0,10.5,0.875,0.875,0.08561572432518005,0.10937198251485825,-0.004228741396218538,0.05268430709838867,3.3676681518554688,0.7894822359085083,2.080662965774536,0.0001,120000.0
12.0,110000.0,11.0,0.9166666666666666,0.9166666666666666,0.08172145485877991,0.08996168524026871,-0.005638521630316973,0.05484334006905556,3.6270785331726074,0.7916079759597778,2.110511541366577,0.0001,120000.0
12.0,115000.0,11.5,0.9583333333333334,0.9583333333333334,0.08075656741857529,0.08242915570735931,-0.008900400251150131,0.057161521166563034,3.831983804702759,0.7883335947990417,2.132962703704834,0.0001,120000.0
12.0,120000.0,12.0,1.0,1.0,0.07887118309736252,0.07887118309736252,-0.007636128459125757,0.05797961726784706,4.0104079246521,0.7873731255531311,2.1529541015625,0.0001,120000.0
14.0,0.0,0.0,0.0,0.0,0.08958488702774048,0.8982871770858765,-8.56628394103609e-05,-0.002894688630476594,0.9977625608444214,0.992104709148407,1.835579752922058,0.0001,140000.0
14.0,5833.0,0.5833,0.041664285714285716,0.041664285714285716,0.05477725714445114,0.9894810914993286,-0.004174291156232357,0.03223012760281563,0.8529314994812012,0.8252362608909607,1.7912122011184692,0.0001,140000.0
14.0,11667.0,1.1667,0.08333571428571429,0.08333571428571429,0.052670668810606,1.0208768844604492,-0.0020479976665228605,0.04600684344768524,0.8163024187088013,0.7879821062088013,1.7802132368087769,0.0001,140000.0
14.0,17500.0,1.75,0.125,0.125,0.05105885863304138,1.0204172134399414,6.891341763548553e-05,0.0525335930287838,0.8147561550140381,0.7769206166267395,1.7780653238296509,0.0001,140000.0
14.0,23333.0,2.3333,0.1666642857142857,0.1666642857142857,0.05070219561457634,1.01411771774292,-0.0017717672744765878,0.05571969971060753,0.8205812573432922,0.7779174447059631,1.7787983417510986,0.0001,140000.0
14.0,29167.0,2.9167,0.2083357142857143,0.2083357142857143,0.050380006432533264,1.0042043924331665,-0.004038977436721325,0.05941205844283104,0.8293910026550293,0.7755261063575745,1.7793387174606323,0.0001,140000.0
14.0,35000.0,3.5,0.25,0.25,0.05226545035839081,0.9885035753250122,-0.006550658959895372,0.05835902318358421,0.8516045808792114,0.7791692018508911,1.782663106918335,0.0001,140000.0
14.0,40833.0,4.0833,0.29166428571428576,0.29166428571428576,0.05130120366811752,0.9713644981384277,-0.005187679082155228,0.05724211782217026,0.8683139085769653,0.7766465544700623,1.7843818664550781,0.0001,140000.0
14.0,46667.0,4.6667000000000005,0.33333571428571435,0.33333571428571435,0.05436784029006958,0.9473915696144104,-0.003332294523715973,0.05935950204730034,0.9010477066040039,0.773845374584198,1.787922739982605,0.0001,140000.0
14.0,52500.0,5.25,0.375,0.375,0.05570479482412338,0.9103964567184448,0.0007738625863566995,0.05835871025919914,0.9491318464279175,0.7758786678314209,1.7940877676010132,0.0001,140000.0
14.0,58333.0,5.8333,0.41666428571428576,0.41666428571428576,0.055523477494716644,0.8487753868103027,-0.000955120543949306,0.058802567422389984,1.029733419418335,0.7796317934989929,1.8044015169143677,0.0001,140000.0
14.0,64167.0,6.4167000000000005,0.45833571428571435,0.45833571428571435,0.05748317390680313,0.7805546522140503,-0.0014828253770247102,0.062328338623046875,1.1249960660934448,0.7762346863746643,1.8152618408203125,0.0001,140000.0
14.0,70000.0,7.0,0.5,0.5,0.06010724604129791,0.7149310111999512,0.002274368889629841,0.06071225926280022,1.2264394760131836,0.7751892805099487,1.8274624347686768,0.0001,140000.0
14.0,75833.0,7.5833,0.5416642857142857,0.5416642857142857,0.06494646519422531,0.6343096494674683,0.00019146056729368865,0.059702396392822266,1.3664506673812866,0.7772165536880493,1.8445920944213867,0.0001,140000.0
14.0,81667.0,8.1667,0.5833357142857143,0.5833357142857143,0.06660956889390945,0.5412604808807373,0.002318531507626176,0.05602021515369415,1.54771089553833,0.7764905691146851,1.8664538860321045,0.0001,140000.0
14.0,87500.0,8.75,0.625,0.625,0.07105540484189987,0.45796796679496765,0.0026911660097539425,0.05510910972952843,1.7425001859664917,0.7859723567962646,1.8910712003707886,0.0001,140000.0
14.0,93333.0,9.333300000000001,0.6666642857142858,0.6666642857142858,0.07541421055793762,0.36892032623291016,-1.2588347999553662e-05,0.05692680925130844,1.9853912591934204,0.7868005633354187,1.9200936555862427,0.0001,140000.0
14.0,99167.0,9.9167,0.7083357142857143,0.7083357142857143,0.07577693462371826,0.2854703366756439,-0.00348128704354167,0.06302402913570404,2.2586371898651123,0.7759286165237427,1.9503793716430664,0.0001,140000.0
14.0,105000.0,10.5,0.75,0.75,0.07970763742923737,0.22120574116706848,-0.0015408465405926108,0.058347366750240326,2.539421558380127,0.7852596044540405,1.9845547676086426,0.0001,140000.0
14.0,110833.0,11.083300000000001,0.7916642857142858,0.7916642857142858,0.08119793236255646,0.16672320663928986,-0.0026152278296649456,0.0577421560883522,2.8496603965759277,0.7811102867126465,2.0199623107910156,0.0001,140000.0
14.0,116667.0,11.6667,0.8333357142857143,0.8333357142857143,0.08225826174020767,0.12943024933338165,0.0005670550162903965,0.05892615020275116,3.1330227851867676,0.7818697094917297,2.0527727603912354,0.0001,140000.0
14.0,122500.0,12.25,0.875,0.875,0.08165000379085541,0.10329511761665344,-0.002479389077052474,0.056517694145441055,3.41355037689209,0.7832471132278442,2.085167646408081,0.0001,140000.0
14.0,128333.0,12.833300000000001,0.9166642857142858,0.9166642857142858,0.0813182145357132,0.08860446512699127,-0.007730863522738218,0.05568298324942589,3.677032709121704,0.7922601699829102,2.1164402961730957,0.0001,140000.0
14.0,134167.0,13.4167,0.9583357142857143,0.9583357142857143,0.08122901618480682,0.082587331533432,-0.0040615699253976345,0.05546502768993378,3.89204478263855,0.790076494216919,2.1402182579040527,0.0001,140000.0
14.0,140000.0,14.0,1.0,1.0,0.08095254749059677,0.08095254749059677,-0.0016589616425335407,0.05445747449994087,4.03973388671875,0.797809362411499,2.1574199199676514,0.0001,140000.0
16.0,0.0,0.0,0.0,0.0,0.08958488702774048,0.8982871770858765,-8.56628394103609e-05,-0.002894688630476594,0.9977625608444214,0.992104709148407,1.835579752922058,0.0001,160000.0
16.0,6667.0,0.6667000000000001,0.041668750000000004,0.041668750000000004,0.05471491068601608,1.0007169246673584,0.002213114872574806,0.029422098770737648,0.8403496146202087,0.8145610094070435,1.7883446216583252,0.0001,160000.0
16.0,13333.0,1.3333000000000002,0.08333125000000001,0.08333125000000001,0.050508081912994385,1.0220048427581787,-0.003900269977748394,0.049694355577230453,0.8107210397720337,0.7901079654693604,1.7797894477844238,0.0001,160000.0
16.0,20000.0,2.0,0.125,0.125,0.05185896158218384,1.0250012874603271,-0.004045414738357067,0.053752850741147995,0.8093189597129822,0.7755957841873169,1.7771977186203003,0.0001,160000.0
16.0,26667.0,2.6667,0.16666875,0.16666875,0.05168633908033371,1.0153206586837769,7.400252798106521e-05,0.05794860050082207,0.8205302357673645,0.781291663646698,1.7791671752929688,0.0001,160000.0
16.0,33333.0,3.3333000000000004,0.20833125000000002,0.20833125000000002,0.05085058882832527,1.004023551940918,0.0022022181656211615,0.05408602952957153,0.8320146203041077,0.7728134989738464,1.7796545028686523,0.0001,160000.0
16.0,40000.0,4.0,0.25,0.25,0.051380835473537445,0.9879928231239319,0.001506963511928916,0.05289030075073242,0.8501387238502502,0.7743996381759644,1.7822200059890747,0.0001,160000.0
16.0,46667.0,4.6667000000000005,0.29166875000000003,0.29166875000000003,0.05176515877246857,0.9675658941268921,-0.004048398230224848,0.06287752836942673,0.8742822408676147,0.7708122134208679,1.783994197845459,0.0001,160000.0
16.0,53333.0,5.3333,0.33333125,0.33333125,0.05343083664774895,0.9424172043800354,-0.000882730062585324,0.06110282987356186,0.9088259339332581,0.7720410823822021,1.7885662317276,0.0001,160000.0
16.0,60000.0,6.0,0.375,0.375,0.054318055510520935,0.8949862122535706,0.0003623724333010614,0.059481848031282425,0.965831458568573,0.7749538421630859,1.795883059501648,0.0001,160000.0
16.0,66667.0,6.6667000000000005,0.41666875000000003,0.41666875000000003,0.056972239166498184,0.8431731462478638,-0.005951289087533951,0.05801008269190788,1.0389991998672485,0.7716922163963318,1.8044743537902832,0.0001,160000.0
16.0,73333.0,7.3333,0.45833125,0.45833125,0.05889458209276199,0.7813231945037842,-0.007424854673445225,0.05692299082875252,1.1277934312820435,0.7819690704345703,1.8166396617889404,0.0001,160000.0
16.0,80000.0,8.0,0.5,0.5,0.06054367870092392,0.7069383263587952,-0.006613369099795818,0.05842849612236023,1.2409453392028809,0.7848697900772095,1.8306574821472168,0.0001,160000.0
16.0,86667.0,8.6667,0.54166875,0.54166875,0.06233343854546547,0.6239568591117859,-0.004337243735790253,0.0587821826338768,1.3849495649337769,0.7826904654502869,1.8475533723831177,0.0001,160000.0
16.0,93333.0,9.333300000000001,0.5833312500000001,0.5833312500000001,0.0663175955414772,0.535446047782898,-0.003418284934014082,0.05838650092482567,1.559453010559082,0.7723425626754761,1.8671045303344727,0.0001,160000.0
16.0,100000.0,10.0,0.625,0.625,0.06734970957040787,0.4403306245803833,2.8876036594738252e-05,0.05711459740996361,1.7761313915252686,0.7730299830436707,1.893426775932312,0.0001,160000.0
16.0,106667.0,10.6667,0.66666875,0.66666875,0.07219201326370239,0.3563796877861023,-0.0008813271997496486,0.06192217022180557,2.0210745334625244,0.7824275493621826,1.9230942726135254,0.0001,160000.0
16.0,113333.0,11.333300000000001,0.7083312500000001,0.7083312500000001,0.07715386152267456,0.2803996205329895,-0.00109643314499408,0.0564560629427433,2.2910776138305664,0.7874478101730347,1.9557386636734009,0.0001,160000.0
16.0,120000.0,12.0,0.75,0.75,0.07851313054561615,0.21401867270469666,-0.00862270500510931,0.0525519959628582,2.5786876678466797,0.7837817072868347,1.9892040491104126,0.0001,160000.0
16.0,126667.0,12.6667,0.79166875,0.79166875,0.08162681013345718,0.16283291578292847,-0.011572315357625484,0.055501047521829605,2.8914525508880615,0.7825109958648682,2.0248830318450928,0.0001,160000.0
16.0,133333.0,13.333300000000001,0.8333312500000001,0.8333312500000001,0.08192021399736404,0.12507741153240204,-0.013062714599072933,0.05349965766072273,3.197427749633789,0.7763533592224121,2.0593421459198,0.0001,160000.0
16.0,140000.0,14.0,0.875,0.875,0.081932932138443,0.10155142098665237,-0.013458103872835636,0.061265263706445694,3.4675278663635254,0.7781116366386414,2.0899758338928223,0.0001,160000.0
16.0,146667.0,14.6667,0.91666875,0.91666875,0.08011995255947113,0.08656182140111923,-0.01261050719767809,0.05588837340474129,3.7314188480377197,0.7880305647850037,2.1216232776641846,0.0001,160000.0
16.0,153333.0,15.333300000000001,0.9583312500000001,0.9583312500000001,0.08002554625272751,0.08120738714933395,-0.012382111512124538,0.05424829572439194,3.929978132247925,0.7856857180595398,2.1436235904693604,0.0001,160000.0
16.0,160000.0,16.0,1.0,1.0,0.08012339472770691,0.08012339472770691,-0.014613058418035507,0.057063713669776917,4.080042362213135,0.7900656461715698,2.1606693267822266,0.0001,160000.0
18.0,0.0,0.0,0.0,0.0,0.08958488702774048,0.8982871770858765,-8.56628394103609e-05,-0.002894688630476594,0.9977625608444214,0.992104709148407,1.835579752922058,0.0001,180000.0
18.0,7500.0,0.75,0.041666666666666664,0.041666666666666664,0.05383121594786644,1.0056178569793701,0.007447988260537386,0.0382964052259922,0.8332600593566895,0.8096276521682739,1.7860915660858154,0.0001,180000.0
18.0,15000.0,1.5,0.08333333333333333,0.08333333333333333,0.05020122602581978,1.0247578620910645,-0.0026547610759735107,0.049946464598178864,0.8097646236419678,0.7775923609733582,1.777848720550537,0.0001,180000.0
18.0,22500.0,2.25,0.125,0.125,0.05139392986893654,1.0234904289245605,0.0022938214242458344,0.054553382098674774,0.8095073699951172,0.7772723436355591,1.7773874998092651,0.0001,180000.0
18.0,30000.0,3.0,0.16666666666666666,0.16666666666666666,0.05097365379333496,1.0079996585845947,0.0015450849896296859,0.0553024485707283,0.828171968460083,0.7766515612602234,1.7795199155807495,0.0001,180000.0
18.0,37500.0,3.75,0.20833333333333334,0.20833333333333334,0.05109357461333275,1.0030425786972046,-0.0015691473381593823,0.05756930634379387,0.8332107067108154,0.7732980251312256,1.7795696258544922,0.0001,180000.0
18.0,45000.0,4.5,0.25,0.25,0.052187785506248474,0.9845418930053711,-0.004279324319213629,0.0574263297021389,0.8543484210968018,0.7692885398864746,1.7815196514129639,0.0001,180000.0
18.0,52500.0,5.25,0.2916666666666667,0.2916666666666667,0.054327256977558136,0.9674895405769348,-0.005591962952166796,0.05859510600566864,0.8805546164512634,0.7790197134017944,1.7860302925109863,0.0001,180000.0
18.0,60000.0,6.0,0.3333333333333333,0.3333333333333333,0.05501937121152878,0.9366178512573242,-0.0007298391428776085,0.05456873029470444,0.9180985689163208,0.7774822115898132,1.7908086776733398,0.0001,180000.0
18.0,67500.0,6.75,0.375,0.375,0.05504045635461807,0.8860445618629456,-0.0011269304668530822,0.057096466422080994,0.9789823293685913,0.7735322713851929,1.7975081205368042,0.0001,180000.0
18.0,75000.0,7.5,0.4166666666666667,0.4166666666666667,0.05676210671663284,0.8385930061340332,0.0005449026357382536,0.05856660380959511,1.044573187828064,0.7719576358795166,1.8051308393478394,0.0001,180000.0
18.0,82500.0,8.25,0.4583333333333333,0.4583333333333333,0.05917496234178543,0.7732841968536377,-0.0012989564565941691,0.06218286603689194,1.1409462690353394,0.7761176824569702,1.8170665502548218,0.0001,180000.0
18.0,90000.0,9.0,0.5,0.5,0.06030316278338432,0.6965818405151367,-0.0010944829555228353,0.06482915580272675,1.2618013620376587,0.7754167318344116,1.8313634395599365,0.0001,180000.0
18.0,97500.0,9.75,0.5416666666666666,0.5416666666666666,0.06332874298095703,0.6138346195220947,0.001697869272902608,0.05677325651049614,1.409582495689392,0.782034158706665,1.8504818677902222,0.0001,180000.0
18.0,105000.0,10.5,0.5833333333333334,0.5833333333333334,0.06519458442926407,0.5256327390670776,0.0010778645519167185,0.05698597431182861,1.5839627981185913,0.7852571606636047,1.8717855215072632,0.0001,180000.0
18.0,112500.0,11.25,0.625,0.625,0.06977853178977966,0.4409829378128052,0.002332281554117799,0.05838839337229729,1.7842813730239868,0.7860510945320129,1.8959002494812012,0.0001,180000.0
18.0,120000.0,12.0,0.6666666666666666,0.6666666666666666,0.07121197879314423,0.3477245271205902,0.00033860435360111296,0.051403190940618515,2.048069953918457,0.7834394574165344,1.9271429777145386,0.0001,180000.0
18.0,127500.0,12.75,0.7083333333333334,0.7083333333333334,0.07560890913009644,0.2727115750312805,-0.005832651164382696,0.054850853979587555,2.3172695636749268,0.7800660729408264,1.9584143161773682,0.0001,180000.0
18.0,135000.0,13.5,0.75,0.75,0.07685619592666626,0.20587888360023499,-0.007890415377914906,0.054876599460840225,2.6240482330322266,0.7823998332023621,1.993966817855835,0.0001,180000.0
18.0,142500.0,14.25,0.7916666666666666,0.7916666666666666,0.0780249536037445,0.1554381549358368,-0.011611945927143097,0.05789230763912201,2.927755832672119,0.7866072058677673,2.029550790786743,0.0001,180000.0
18.0,150000.0,15.0,0.8333333333333334,0.8333333333333334,0.0797688215970993,0.12010479718446732,-0.014295609667897224,0.05797822028398514,3.2380027770996094,0.7869887351989746,2.0653164386749268,0.0001,180000.0
18.0,157500.0,15.75,0.875,0.875,0.07959116995334625,0.09691138565540314,-0.012496084906160831,0.060816194862127304,3.5313100814819336,0.7855191230773926,2.098320484161377,0.0001,180000.0
18.0,165000.0,16.5,0.9166666666666666,0.9166666666666666,0.0803600549697876,0.08586569130420685,-0.015688231214880943,0.05851169675588608,3.7806646823883057,0.788601279258728,2.127032518386841,0.0001,180000.0
18.0,172500.0,17.25,0.9583333333333334,0.9583333333333334,0.07892019301652908,0.07999838888645172,-0.010706884786486626,0.06187988072633743,3.954585313796997,0.7933861017227173,2.146848440170288,0.0001,180000.0
18.0,180000.0,18.0,1.0,1.0,0.08000205457210541,0.08000205457210541,-0.006569367367774248,0.05656152218580246,4.114464282989502,0.7912459373474121,2.164707660675049,0.0001,180000.0
20.0,0.0,0.0,0.0,0.0,0.08958488702774048,0.8982871770858765,-8.56628394103609e-05,-0.002894688630476594,0.9977625608444214,0.992104709148407,1.835579752922058,0.0001,200000.0
20.0,8333.0,0.8333,0.041665,0.041665,0.05209449678659439,1.010136365890503,-0.0035880175419151783,0.036437034606933594,0.8267341256141663,0.798233151435852,1.7837215662002563,0.0001,200000.0
20.0,16667.0,1.6667,0.083335,0.083335,0.0503087118268013,1.0254298448562622,-0.008115175180137157,0.05274588614702225,0.8074788451194763,0.7703429460525513,1.7764538526535034,0.0001,200000.0
20.0,25000.0,2.5,0.125,0.125,0.050188422203063965,1.0222585201263428,-0.004836514592170715,0.05923356115818024,0.8100330233573914,0.7711911797523499,1.7763432264328003,0.0001,200000.0
20.0,33333.0,3.3333000000000004,0.166665,0.166665,0.049988195300102234,1.0157759189605713,-0.006219398695975542,0.05647106468677521,0.8176538944244385,0.7718112468719482,1.7775245904922485,0.0001,200000.0
20.0,41667.0,4.1667000000000005,0.20833500000000002,0.20833500000000002,0.05104653537273407,1.0050959587097168,-0.0018423101864755154,0.060307107865810394,0.8323759436607361,0.7806726694107056,1.7802854776382446,0.0001,200000.0
20.0,50000.0,5.0,0.25,0.25,0.051177892833948135,0.9819478988647461,-0.0035048455465584993,0.06088978424668312,0.8575105667114258,0.7733649015426636,1.7823394536972046,0.0001,200000.0
20.0,58333.0,5.8333,0.291665,0.291665,0.05229590833187103,0.965843677520752,-0.010978886857628822,0.06262046843767166,0.8784828186035156,0.7789266109466553,1.7855565547943115,0.0001,200000.0
20.0,66667.0,6.6667000000000005,0.33333500000000005,0.33333500000000005,0.05201005935668945,0.9292492866516113,-0.006654816679656506,0.060172125697135925,0.9174745082855225,0.7779455184936523,1.7903671264648438,0.0001,200000.0
20.0,75000.0,7.5,0.375,0.375,0.05455556511878967,0.891289234161377,-0.0010417767334729433,0.05926672741770744,0.970483124256134,0.7726004719734192,1.7960299253463745,0.0001,200000.0
20.0,83333.0,8.333300000000001,0.41666500000000006,0.41666500000000006,0.05611744150519371,0.8412050008773804,-0.0023377954494208097,0.06002296879887581,1.0402814149856567,0.7775918841362,1.8052438497543335,0.0001,200000.0
20.0,91667.0,9.1667,0.45833500000000005,0.45833500000000005,0.058197133243083954,0.7728192210197449,6.810140621382743e-05,0.061755090951919556,1.139335036277771,0.7707741260528564,1.816214919090271,0.0001,200000.0
20.0,100000.0,10.0,0.5,0.5,0.05890703946352005,0.6925607323646545,0.003754386445507407,0.060452260076999664,1.2632031440734863,0.7735174894332886,1.83170485496521,0.0001,200000.0
20.0,108333.0,10.833300000000001,0.5416650000000001,0.5416650000000001,0.06340835988521576,0.6142247915267944,0.0006377390236593783,0.058188822120428085,1.4108765125274658,0.7800126671791077,1.8503515720367432,0.0001,200000.0
20.0,116667.0,11.6667,0.583335,0.583335,0.06595147401094437,0.5203417539596558,-0.0008968734764494002,0.05687141418457031,1.5999408960342407,0.7769291400909424,1.8728113174438477,0.0001,200000.0
20.0,125000.0,12.5,0.625,0.625,0.06935501098632812,0.43100112676620483,-0.001811077119782567,0.05629739910364151,1.8135906457901,0.776185929775238,1.8983218669891357,0.0001,200000.0
20.0,133333.0,13.333300000000001,0.6666650000000001,0.6666650000000001,0.07022927701473236,0.33925390243530273,0.004536871798336506,0.06417502462863922,2.0745434761047363,0.7704784274101257,1.9276752471923828,0.0001,200000.0
20.0,141667.0,14.1667,0.708335,0.708335,0.07587587088346481,0.2665826082229614,-0.00021758742514066398,0.060984350740909576,2.3546018600463867,0.7813037633895874,1.9620692729949951,0.0001,200000.0
20.0,150000.0,15.0,0.75,0.75,0.07459397614002228,0.19737133383750916,-0.0013043996877968311,0.05809979885816574,2.660504102706909,0.7800127863883972,1.9980099201202393,0.0001,200000.0
20.0,158333.0,15.833300000000001,0.7916650000000001,0.7916650000000001,0.07686653733253479,0.14963777363300323,-0.007533767726272345,0.05937022343277931,2.9718494415283203,0.7808275818824768,2.033906936645508,0.0001,200000.0
20.0,166667.0,16.666700000000002,0.8333350000000002,0.8333350000000002,0.07725286483764648,0.11563479155302048,-0.007953792810440063,0.05818232148885727,3.2630791664123535,0.7828062772750854,2.0678272247314453,0.0001,200000.0
20.0,175000.0,17.5,0.875,0.875,0.07974135875701904,0.09653635323047638,-0.013981546275317669,0.05875781178474426,3.5467875003814697,0.7856419682502747,2.10048770904541,0.0001,200000.0
20.0,183333.0,18.3333,0.9166650000000001,0.9166650000000001,0.07902444154024124,0.08436764776706696,-0.014199684374034405,0.05806379392743111,3.7893271446228027,0.7852885127067566,2.1279561519622803,0.0001,200000.0
20.0,191667.0,19.166700000000002,0.9583350000000002,0.9583350000000002,0.07883107662200928,0.07969725131988525,-0.012274941429495811,0.053870413452386856,3.9970459938049316,0.7881061434745789,2.151683807373047,0.0001,200000.0
20.0,200000.0,20.0,1.0,1.0,0.07807648926973343,0.07807648926973343,-0.011937065050005913,0.055283769965171814,4.143747329711914,0.7907254695892334,2.1682019233703613,0.0001,200000.0
60.0,0.0,0.0,0.0,0.0,0.08958488702774048,0.8982871770858765,-8.56628394103609e-05,-0.002894688630476594,0.9977625608444214,0.992104709148407,1.835579752922058,0.0001,600000.0
60.0,25000.0,2.5,0.041666666666666664,0.041666666666666664,0.05127567797899246,1.0229246616363525,0.0018267376581206918,0.056831277906894684,0.8117853999137878,0.7806176543235779,1.7781171798706055,0.0001,600000.0
60.0,50000.0,5.0,0.08333333333333333,0.08333333333333333,0.05078716576099396,1.0282882452011108,0.0009174897568300366,0.06262270361185074,0.8062437772750854,0.7658113241195679,1.7749239206314087,0.0001,600000.0
60.0,75000.0,7.5,0.125,0.125,0.050493426620960236,1.0143687725067139,0.001085101393982768,0.05959460884332657,0.8188528418540955,0.77480548620224,1.7778836488723755,0.0001,600000.0
60.0,100000.0,10.0,0.16666666666666666,0.16666666666666666,0.05118875205516815,1.0072182416915894,0.003782888175919652,0.062058743089437485,0.8299440741539001,0.7772325277328491,1.7795249223709106,0.0001,600000.0
60.0,125000.0,12.5,0.20833333333333334,0.20833333333333334,0.05086034908890724,0.9991559982299805,-0.0030852947384119034,0.060529377311468124,0.838081955909729,0.783855140209198,1.7814381122589111,0.0001,600000.0
60.0,150000.0,15.0,0.25,0.25,0.05241737514734268,0.9827542901039124,-0.000789546174928546,0.06045481935143471,0.8586486577987671,0.7773383855819702,1.7830480337142944,0.0001,600000.0
60.0,175000.0,17.5,0.2916666666666667,0.2916666666666667,0.05290646106004715,0.955543577671051,-0.0003536003641784191,0.06439705193042755,0.8907525539398193,0.7807561755180359,1.787218689918518,0.0001,600000.0
60.0,200000.0,20.0,0.3333333333333333,0.3333333333333333,0.05345766246318817,0.9265363812446594,-0.0017954417271539569,0.059807516634464264,0.9279025197029114,0.7734584212303162,1.7909106016159058,0.0001,600000.0
60.0,225000.0,22.5,0.375,0.375,0.054149165749549866,0.8736516237258911,-0.0046924627386033535,0.05825023353099823,0.9953309893608093,0.7726008296012878,1.7990565299987793,0.0001,600000.0
60.0,250000.0,25.0,0.4166666666666667,0.4166666666666667,0.05536315217614174,0.8155651092529297,-0.003064535092562437,0.06238861754536629,1.076996922492981,0.7712041139602661,1.8087432384490967,0.0001,600000.0
60.0,275000.0,27.5,0.4583333333333333,0.4583333333333333,0.056724220514297485,0.7420977354049683,-0.0010361126624047756,0.06394821405410767,1.1859303712844849,0.7750063538551331,1.8223310708999634,0.0001,600000.0
60.0,300000.0,30.0,0.5,0.5,0.05901316553354263,0.6644467115402222,-0.004366589710116386,0.05979281663894653,1.3162565231323242,0.773805558681488,1.8380653858184814,0.0001,600000.0
60.0,325000.0,32.5,0.5416666666666666,0.5416666666666666,0.06064354628324509,0.5716395974159241,-0.0038092120084911585,0.057471875101327896,1.4904838800430298,0.7752376794815063,1.8593138456344604,0.0001,600000.0
60.0,350000.0,35.0,0.5833333333333334,0.5833333333333334,0.06331068277359009,0.4782300889492035,-0.0034479834139347076,0.062193162739276886,1.6998614072799683,0.7739307880401611,1.883620262145996,0.0001,600000.0
60.0,375000.0,37.5,0.625,0.625,0.06518644839525223,0.3825579881668091,0.006630269810557365,0.05559695512056351,1.9462286233901978,0.7747215032577515,1.9136477708816528,0.0001,600000.0
60.0,400000.0,40.0,0.6666666666666666,0.6666666666666666,0.06752929091453552,0.299520879983902,-0.0012327749282121658,0.06133510544896126,2.2149312496185303,0.7793291211128235,1.9456205368041992,0.0001,600000.0
60.0,425000.0,42.5,0.7083333333333334,0.7083333333333334,0.0705011785030365,0.2290658950805664,-0.002868613926693797,0.0548652708530426,2.5136489868164062,0.7839593887329102,1.9815099239349365,0.0001,600000.0
60.0,450000.0,45.0,0.75,0.75,0.07183532416820526,0.1687532663345337,-0.005781158339232206,0.05613086745142937,2.839818239212036,0.7886848449707031,2.0197715759277344,0.0001,600000.0
60.0,475000.0,47.5,0.7916666666666666,0.7916666666666666,0.07610554993152618,0.1302209198474884,-0.006942125037312508,0.05695520341396332,3.153646469116211,0.7848891615867615,2.055518627166748,0.0001,600000.0
60.0,500000.0,50.0,0.8333333333333334,0.8333333333333334,0.07520709931850433,0.10093674063682556,-0.005712161771953106,0.06166635453701019,3.4639689922332764,0.78812575340271,2.090933084487915,0.0001,600000.0
60.0,525000.0,52.5,0.875,0.875,0.07691605389118195,0.08725152164697647,-0.0045890710316598415,0.05601390823721886,3.724034309387207,0.7894989848136902,2.121115207672119,0.0001,600000.0
60.0,550000.0,55.0,0.9166666666666666,0.9166666666666666,0.07844457030296326,0.0808928981423378,-0.007757195271551609,0.057003866881132126,3.9637134075164795,0.7878002524375916,2.147521495819092,0.0001,600000.0
60.0,575000.0,57.5,0.9583333333333334,0.9583333333333334,0.07766972482204437,0.07792216539382935,-0.012564379721879959,0.05837436020374298,4.123908996582031,0.7939679026603699,2.1662771701812744,0.0001,600000.0
60.0,600000.0,60.0,1.0,1.0,0.07770491391420364,0.07770491391420364,-0.010306385345757008,0.05975683033466339,4.20088005065918,0.7892420291900635,2.1740996837615967,0.0001,600000.0
80.0,0.0,0.0,0.0,0.0,0.08958488702774048,0.8982871770858765,-8.56628394103609e-05,-0.002894688630476594,0.9977625608444214,0.992104709148407,1.835579752922058,0.0001,800000.0
80.0,33333.0,3.3333000000000004,0.04166625,0.04166625,0.050147563219070435,1.025718092918396,-0.002150346990674734,0.05797665938735008,0.8072885274887085,0.7766699194908142,1.7769889831542969,0.0001,800000.0
80.0,66667.0,6.6667000000000005,0.08333375000000001,0.08333375000000001,0.05143484100699425,1.0271329879760742,0.0007398322923108935,0.05606171861290932,0.8085451722145081,0.7810196876525879,1.7777289152145386,0.0001,800000.0
80.0,100000.0,10.0,0.125,0.125,0.0507267527282238,1.0206995010375977,-0.004892020486295223,0.06250500679016113,0.8126366138458252,0.7777521014213562,1.7773807048797607,0.0001,800000.0
80.0,133333.0,13.333300000000001,0.16666625000000002,0.16666625000000002,0.05139857903122902,1.0063289403915405,-0.001438066246919334,0.05909205973148346,0.8293886780738831,0.7699956893920898,1.7785563468933105,0.0001,800000.0
80.0,166667.0,16.666700000000002,0.20833375000000004,0.20833375000000004,0.05154016986489296,1.000771403312683,-0.004977972246706486,0.06330888718366623,0.8354402184486389,0.7756307125091553,1.7797698974609375,0.0001,800000.0
80.0,200000.0,20.0,0.25,0.25,0.05140785872936249,0.9818214178085327,0.0026889245491474867,0.06555294990539551,0.8583710193634033,0.782208263874054,1.7833096981048584,0.0001,800000.0
80.0,233333.0,23.3333,0.29166625,0.29166625,0.052676256746053696,0.9572024345397949,-0.0010710869682952762,0.05632880702614784,0.8901818990707397,0.7768662571907043,1.7869913578033447,0.0001,800000.0
80.0,266667.0,26.666700000000002,0.33333375000000004,0.33333375000000004,0.053338490426540375,0.9153825044631958,0.002510222839191556,0.0564972348511219,0.9414206743240356,0.7709203362464905,1.7924965620040894,0.0001,800000.0
80.0,300000.0,30.0,0.375,0.375,0.05473404377698898,0.8789144158363342,-0.0002132334775524214,0.060991883277893066,0.988923192024231,0.7736670970916748,1.7983715534210205,0.0001,800000.0
80.0,333333.0,33.3333,0.41666625,0.41666625,0.0551825612783432,0.8095412850379944,-0.0027621258050203323,0.05839568376541138,1.0831408500671387,0.7765567898750305,1.8104031085968018,0.0001,800000.0
80.0,366667.0,36.6667,0.45833375,0.45833375,0.05773382633924484,0.737067461013794,0.004817842971533537,0.061058998107910156,1.1927037239074707,0.7736901640892029,1.82310152053833,0.0001,800000.0
80.0,400000.0,40.0,0.5,0.5,0.060028135776519775,0.6540467739105225,-0.008616263046860695,0.05951239913702011,1.33475661277771,0.7811218500137329,1.8415699005126953,0.0001,800000.0
80.0,433333.0,43.3333,0.54166625,0.54166625,0.060894906520843506,0.5640585422515869,-0.005518156103789806,0.05797335132956505,1.505110502243042,0.7783040404319763,1.8615007400512695,0.0001,800000.0
80.0,466667.0,46.6667,0.58333375,0.58333375,0.0640021339058876,0.47284799814224243,0.0026544244028627872,0.05585959926247597,1.7115217447280884,0.772218644618988,1.8854506015777588,0.0001,800000.0
80.0,500000.0,50.0,0.625,0.625,0.06573697924613953,0.3820636570453644,-0.010444077663123608,0.06046869605779648,1.9514338970184326,0.7700952291488647,1.913110375404358,0.0001,800000.0
80.0,533333.0,53.3333,0.66666625,0.66666625,0.0675184428691864,0.2942233979701996,-0.0038588366005569696,0.054623354226350784,2.2415547370910645,0.7841417193412781,1.9496458768844604,0.0001,800000.0
80.0,566667.0,56.666700000000006,0.7083337500000001,0.7083337500000001,0.07089026272296906,0.22554557025432587,-0.011489040218293667,0.06012732908129692,2.5273149013519287,0.7881012558937073,1.9833340644836426,0.0001,800000.0
80.0,600000.0,60.0,0.75,0.75,0.07239938527345657,0.16625243425369263,-0.005908178631216288,0.061004552990198135,2.8670287132263184,0.78301602602005,2.0215086936950684,0.0001,800000.0
80.0,633333.0,63.3333,0.79166625,0.79166625,0.07375761866569519,0.12429459393024445,-0.0012755305506289005,0.0543048195540905,3.1895840167999268,0.7784654498100281,2.0589780807495117,0.0001,800000.0
80.0,666667.0,66.6667,0.8333337500000001,0.8333337500000001,0.07571226358413696,0.09921593219041824,-0.008148242719471455,0.05950958654284477,3.498708724975586,0.7820720076560974,2.0942766666412354,0.0001,800000.0
80.0,700000.0,70.0,0.875,0.875,0.07526477426290512,0.08487104624509811,0.0016648632008582354,0.05421847477555275,3.7468793392181396,0.7874839901924133,2.1233553886413574,0.0001,800000.0
80.0,733333.0,73.33330000000001,0.9166662500000001,0.9166662500000001,0.0760502740740776,0.07844965159893036,0.001511711860075593,0.06520815938711166,3.9639105796813965,0.7879295945167542,2.147364854812622,0.0001,800000.0
80.0,766667.0,76.6667,0.9583337500000001,0.9583337500000001,0.07904370129108429,0.07932088524103165,0.005296464543789625,0.0550142265856266,4.122509479522705,0.7929044365882874,2.166077136993408,0.0001,800000.0
80.0,800000.0,80.0,1.0,1.0,0.07966329157352448,0.07966329157352448,-0.0012974535347893834,0.05442505702376366,4.191689491271973,0.7923288345336914,2.174027919769287,0.0001,800000.0
100.0,0.0,0.0,0.0,0.0,0.08958488702774048,0.8982871770858765,-8.56628394103609e-05,-0.002894688630476594,0.9977625608444214,0.992104709148407,1.835579752922058,0.0001,1000000.0
100.0,41667.0,4.1667000000000005,0.041667,0.041667,0.04987580329179764,1.024678111076355,-0.0033794536720961332,0.05984268710017204,0.8074924349784851,0.7740896344184875,1.7764766216278076,0.0001,1000000.0
100.0,83333.0,8.333300000000001,0.08333300000000002,0.08333300000000002,0.05131513625383377,1.0245318412780762,0.0027545439079403877,0.062498029321432114,0.8120121359825134,0.77768474817276,1.7773785591125488,0.0001,1000000.0
100.0,125000.0,12.5,0.125,0.125,0.050025179982185364,1.0186456441879272,0.0018530075903981924,0.05704117566347122,0.8157586455345154,0.7738968133926392,1.7776395082473755,0.0001,1000000.0
100.0,166667.0,16.666700000000002,0.166667,0.166667,0.05065023899078369,1.0078766345977783,-0.007139410823583603,0.05765997990965843,0.828550398349762,0.7731673717498779,1.7786965370178223,0.0001,1000000.0
100.0,208333.0,20.8333,0.20833300000000002,0.20833300000000002,0.05123564600944519,0.9993542432785034,-0.006720943376421928,0.05953788757324219,0.8388376832008362,0.7734076380729675,1.7801543474197388,0.0001,1000000.0
100.0,250000.0,25.0,0.25,0.25,0.05180881544947624,0.9860796928405762,0.002430080436170101,0.061594948172569275,0.8538499474525452,0.7781612277030945,1.7826831340789795,0.0001,1000000.0
100.0,291667.0,29.166700000000002,0.291667,0.291667,0.05245862156152725,0.9553435444831848,-0.001981091685593128,0.059530653059482574,0.8898599147796631,0.7764025926589966,1.7868461608886719,0.0001,1000000.0
100.0,333333.0,33.3333,0.333333,0.333333,0.05344536900520325,0.9162967205047607,-0.0030721842776983976,0.0610288605093956,0.940678596496582,0.774501383304596,1.7924407720565796,0.0001,1000000.0
100.0,375000.0,37.5,0.375,0.375,0.05452590435743332,0.8739326000213623,-0.0026154404040426016,0.05482960492372513,0.996472954750061,0.7758862376213074,1.8000152111053467,0.0001,1000000.0
100.0,416667.0,41.6667,0.416667,0.416667,0.056968577206134796,0.8136463165283203,-0.0007310397340916097,0.05734729394316673,1.0787832736968994,0.7685089707374573,1.808747410774231,0.0001,1000000.0
100.0,458333.0,45.8333,0.458333,0.458333,0.0589589923620224,0.7449761629104614,0.000525039155036211,0.060695238411426544,1.1870580911636353,0.7715703248977661,1.821950912475586,0.0001,1000000.0
100.0,500000.0,50.0,0.5,0.5,0.06057390570640564,0.6550673246383667,-0.000543412403203547,0.06484565883874893,1.336850881576538,0.7809953689575195,1.8413047790527344,0.0001,1000000.0
100.0,541667.0,54.166700000000006,0.541667,0.541667,0.062009297311306,0.5648366212844849,-0.001442001317627728,0.06070743501186371,1.5096070766448975,0.777414858341217,1.8615763187408447,0.0001,1000000.0
100.0,583333.0,58.3333,0.583333,0.583333,0.06418637186288834,0.4704418182373047,-0.0015039892168715596,0.060948699712753296,1.7161359786987305,0.7780561447143555,1.8865333795547485,0.0001,1000000.0
100.0,625000.0,62.5,0.625,0.625,0.06600649654865265,0.3739117383956909,-0.008502368815243244,0.05482661351561546,1.9739481210708618,0.773611307144165,1.9169377088546753,0.0001,1000000.0
100.0,666667.0,66.6667,0.666667,0.666667,0.06774630397558212,0.28903627395629883,-0.0013681567506864667,0.05525200068950653,2.264630079269409,0.7815288305282593,1.9519257545471191,0.0001,1000000.0
100.0,708333.0,70.83330000000001,0.7083330000000001,0.7083330000000001,0.06822016835212708,0.22039273381233215,-0.0021663184743374586,0.05231659114360809,2.5451741218566895,0.7761114835739136,1.9841402769088745,0.0001,1000000.0
100.0,750000.0,75.0,0.75,0.75,0.07279700040817261,0.16393837332725525,-0.019039765000343323,0.057910818606615067,2.883394718170166,0.7782984375953674,2.0232701301574707,0.0001,1000000.0
100.0,791667.0,79.1667,0.791667,0.791667,0.07247111946344376,0.12417152523994446,-0.00558068323880434,0.0589904859662056,3.1778550148010254,0.7815042734146118,2.057508707046509,0.0001,1000000.0
100.0,833333.0,83.33330000000001,0.8333330000000001,0.8333330000000001,0.07692400366067886,0.09918351471424103,-0.007389792241156101,0.05398847535252571,3.514303684234619,0.7855803370475769,2.096776247024536,0.0001,1000000.0
100.0,875000.0,87.5,0.875,0.875,0.07773284614086151,0.08628761768341064,-0.013563333079218864,0.05621647462248802,3.763518810272217,0.786655068397522,2.1249914169311523,0.0001,1000000.0
100.0,916667.0,91.6667,0.916667,0.916667,0.07781265676021576,0.07998616248369217,-0.014453358948230743,0.05921034887433052,3.9831480979919434,0.7868552207946777,2.149336576461792,0.0001,1000000.0
100.0,958333.0,95.83330000000001,0.9583330000000001,0.9583330000000001,0.07934661209583282,0.07953645288944244,-0.011763359420001507,0.053917694836854935,4.138266563415527,0.7967702150344849,2.168551445007324,0.0001,1000000.0
100.0,1000000.0,100.0,1.0,1.0,0.07739780098199844,0.07739780098199844,-0.011652613990008831,0.061288632452487946,4.19202184677124,0.7882235050201416,2.17313814163208,0.0001,1000000.0
