r,completed_steps,s,u,t,kl_to_path,kl_to_target,mean,var,target_var,radius_m,eta,n_steps
1.0,0.0,0.0,0.0,0.0,0.0025931857526302338,1.292888879776001,-0.0002576704428065568,0.9992316961288452,1.0043912588251316,0.06626657396554947,0.0001,10000.0
1.0,312.0,0.031200000000000002,0.031200000000000002,0.031200000000000002,0.0026295986026525497,1.2923099994659424,-0.0004897517501376569,1.000207781791687,1.0067507277336196,0.08216281235218048,0.0001,10000.0
1.0,625.0,0.0625,0.0625,0.0625,0.002733815461397171,1.2899389266967773,-0.00020720732572954148,1.0034706592559814,1.0102519442757745,0.10125188529491425,0.0001,10000.0
1.0,938.0,0.09380000000000001,0.09380000000000001,0.09380000000000001,0.0028250161558389664,1.2914458513259888,0.0011415043845772743,1.0029267072677612,1.015358465713213,0.12392927706241608,0.0001,10000.0
1.0,1250.0,0.125,0.125,0.125,0.0027571457903832197,1.2916109561920166,0.0013954757014289498,1.0029078722000122,1.02266953604779,0.1505640596151352,0.0001,10000.0
1.0,1562.0,0.1562,0.1562,0.1562,0.002928172703832388,1.292527675628662,0.002157071838155389,1.0025335550308228,1.0330111829995907,0.1816897988319397,0.0001,10000.0
1.0,1875.0,0.1875,0.1875,0.1875,0.0032189690973609686,1.2902263402938843,0.0013359353179112077,1.0040974617004395,1.047478640645027,0.21789593994617462,0.0001,10000.0
1.0,2188.0,0.21880000000000002,0.21880000000000002,0.21880000000000002,0.0035200787242501974,1.2873520851135254,0.002320010680705309,1.0067410469055176,1.067362956456173,0.2595437467098236,0.0001,10000.0
1.0,2500.0,0.25,0.25,0.25,0.004490669816732407,1.2837090492248535,0.0024861288256943226,1.0116164684295654,1.0941831067508057,0.30689266324043274,0.0001,10000.0
1.0,2812.0,0.2812,0.2812,0.2812,0.005252685397863388,1.2790262699127197,0.0008386056870222092,1.0169456005096436,1.129911719999317,0.3604326844215393,0.0001,10000.0
1.0,3125.0,0.3125,0.3125,0.3125,0.00776180624961853,1.275132656097412,0.0016676589148119092,1.022270679473877,1.1769566818735067,0.42066219449043274,0.0001,10000.0
1.0,3438.0,0.3438,0.3438,0.3438,0.010789088904857635,1.2667365074157715,0.0015583635540679097,1.031300663948059,1.2377777946387596,0.4876246452331543,0.0001,10000.0
1.0,3750.0,0.375,0.375,0.375,0.015428666956722736,1.2536934614181519,0.0015539329033344984,1.0476773977279663,1.3149052597050037,0.5611642003059387,0.0001,10000.0
1.0,4062.0,0.4062,0.4062,0.4062,0.02275235578417778,1.2409710884094238,0.0018975099083036184,1.063617467880249,1.4114454700371084,0.6414401531219482,0.0001,10000.0
1.0,4375.0,0.4375,0.4375,0.4375,0.03308916836977005,1.2230253219604492,0.0008012151811271906,1.0846185684204102,1.5307770500831452,0.7285444736480713,0.0001,10000.0
1.0,4688.0,0.46880000000000005,0.46880000000000005,0.46880000000000005,0.04735906794667244,1.202567219734192,0.0009812167845666409,1.1083897352218628,1.6754576078930121,0.8218622803688049,0.0001,10000.0
1.0,5000.0,0.5,0.5,0.5,0.06631699204444885,1.1804957389831543,0.0005708824610337615,1.1353954076766968,1.8473517074271655,0.920517086982727,0.0001,10000.0
1.0,5312.0,0.5312,0.5312,0.5312,0.09077678620815277,1.154770851135254,0.0005208380171097815,1.1678625345230103,2.048703789049398,1.0240623950958252,0.0001,10000.0
1.0,5625.0,0.5625,0.5625,0.5625,0.12060081958770752,1.1234943866729736,0.0013996569905430079,1.2055909633636475,2.281250937369819,1.1319235563278198,0.0001,10000.0
1.0,5938.0,0.5938,0.5938,0.5938,0.15729059278964996,1.091780662536621,0.0012318234657868743,1.2471368312835693,2.5441930268991797,1.242655634880066,0.0001,10000.0
1.0,6250.0,0.625,0.625,0.625,0.19938939809799194,1.0555832386016846,0.0020056054927408695,1.2950224876403809,2.834948782940046,1.3546028137207031,0.0001,10000.0
1.0,6562.0,0.6562,0.6562,0.6562,0.24635756015777588,1.0164644718170166,0.0016398418229073286,1.348231554031372,3.1511472216108274,1.4666789770126343,0.0001,10000.0
1.0,6875.0,0.6875,0.6875,0.6875,0.2975674271583557,0.9751918315887451,0.001506354077719152,1.4061423540115356,3.4890459452435607,1.5776710510253906,0.0001,10000.0
1.0,7188.0,0.7188,0.7188,0.7188,0.3491806387901306,0.9302907586097717,0.0025857740547508,1.473788857460022,3.8410682678222656,1.685546875,0.0001,10000.0
1.0,7500.0,0.75,0.75,0.75,0.4026143550872803,0.8866506814956665,0.0017521653790026903,1.542371392250061,4.197871208897652,1.7882592678070068,0.0001,10000.0
1.0,7812.0,0.7812,0.7812,0.7812,0.4523475766181946,0.84042888879776,0.000360450881998986,1.618699073791504,4.551108965005611,1.8844386339187622,0.0001,10000.0
1.0,8125.0,0.8125,0.8125,0.8125,0.4987334907054901,0.7959972620010376,-0.00014635513070970774,1.6964101791381836,4.891421123558544,1.9726685285568237,0.0001,10000.0
1.0,8438.0,0.8438,0.8438,0.8438,0.5362122058868408,0.7502514719963074,-0.000725184625480324,1.7816343307495117,5.206669944877831,2.0510168075561523,0.0001,10000.0
1.0,8750.0,0.875,0.875,0.875,0.5625420212745667,0.7042912244796753,-0.0014556361129507422,1.8716740608215332,5.485126311267095,2.117811679840088,0.0001,10000.0
1.0,9062.0,0.9062,0.9062,0.9062,0.5769884586334229,0.6598737835884094,-0.0009688469581305981,1.9654659032821655,5.717746306495485,2.172037363052368,0.0001,10000.0
1.0,9375.0,0.9375,0.9375,0.9375,0.5767710208892822,0.6157591342926025,-0.001589690218679607,2.063985586166382,5.896212786218314,2.2127387523651123,0.0001,10000.0
1.0,9688.0,0.9688,0.9688,0.9688,0.5637093782424927,0.5750691890716553,-0.00201540463604033,2.159674644470215,6.012701794141549,2.2389063835144043,0.0001,10000.0
1.0,10000.0,1.0,1.0,1.0,0.5357409715652466,0.5357409715652466,-0.0013213655911386013,2.25897479057312,6.0625,2.25,0.0001,10000.0
2.0,0.0,0.0,0.0,0.0,0.0025931857526302338,1.292888879776001,-0.0002576704428065568,0.9992316961288452,1.0043912588251316,0.06626657396554947,0.0001,20000.0
2.0,625.0,0.0625,0.03125,0.03125,0.002470658626407385,1.2898833751678467,0.0002952570212073624,1.0021820068359375,1.006755308696527,0.08219068497419357,0.0001,20000.0
2.0,1250.0,0.125,0.0625,0.0625,0.002655305899679661,1.2893469333648682,0.0007601771503686905,1.002880573272705,1.0102519442757745,0.10125188529491425,0.0001,20000.0
2.0,1875.0,0.1875,0.09375,0.09375,0.0027507836930453777,1.2858041524887085,-0.00011728576646419242,1.007277250289917,1.0153487222751791,0.12388996034860611,0.0001,20000.0
2.0,2500.0,0.25,0.125,0.125,0.0026477351784706116,1.2848964929580688,-7.168563752202317e-05,1.0091729164123535,1.02266953604779,0.1505640596151352,0.0001,20000.0
2.0,3125.0,0.3125,0.15625,0.15625,0.002801036462187767,1.2839128971099854,2.038940328930039e-05,1.0108695030212402,1.0330307278253505,0.1817435771226883,0.0001,20000.0
2.0,3750.0,0.375,0.1875,0.1875,0.0027947211638092995,1.2819247245788574,-0.002348953392356634,1.0131136178970337,1.047478640645027,0.21789593994617462,0.0001,20000.0
2.0,4375.0,0.4375,0.21875,0.21875,0.0032873484306037426,1.2809414863586426,-0.002093557734042406,1.0153121948242188,1.067326065527741,0.25947266817092896,0.0001,20000.0
2.0,5000.0,0.5,0.25,0.25,0.004075257107615471,1.2779269218444824,-0.003345989855006337,1.0223816633224487,1.0941831067508057,0.30689266324043274,0.0001,20000.0
2.0,5625.0,0.5625,0.28125,0.28125,0.004924595821648836,1.2674998044967651,-0.003173666540533304,1.0342552661895752,1.129977317287712,0.36052367091178894,0.0001,20000.0
2.0,6250.0,0.625,0.3125,0.3125,0.006341086234897375,1.2579628229141235,-0.004205749835819006,1.0451756715774536,1.1769566818735067,0.42066219449043274,0.0001,20000.0
2.0,6875.0,0.6875,0.34375,0.34375,0.009027642197906971,1.2462561130523682,-0.0041639129631221294,1.059269666671753,1.2376681752508745,0.4875122308731079,0.0001,20000.0
2.0,7500.0,0.75,0.375,0.375,0.013156786561012268,1.2326897382736206,-0.002540424233302474,1.0759859085083008,1.3149052597050037,0.5611642003059387,0.0001,20000.0
2.0,8125.0,0.8125,0.40625,0.40625,0.018388250842690468,1.210059404373169,-0.0020052234176546335,1.1028470993041992,1.411617382715633,0.6415741443634033,0.0001,20000.0
2.0,8750.0,0.875,0.4375,0.4375,0.02526138722896576,1.1801023483276367,-0.0016784066101536155,1.14126718044281,1.5307770500831452,0.7285444736480713,0.0001,20000.0
2.0,9375.0,0.9375,0.46875,0.46875,0.03521756827831268,1.1464784145355225,-0.001005675527267158,1.1844048500061035,1.675204859605433,0.8217085003852844,0.0001,20000.0
2.0,10000.0,1.0,0.5,0.5,0.04886680096387863,1.1092751026153564,-0.0020571353379637003,1.231218934059143,1.8473517074271655,0.920517086982727,0.0001,20000.0
2.0,10625.0,1.0625,0.53125,0.53125,0.06629160046577454,1.06990647315979,-0.0023612813092768192,1.2844080924987793,2.0490507627116727,1.0242317914962769,0.0001,20000.0
2.0,11250.0,1.125,0.5625,0.5625,0.08734888583421707,1.0249073505401611,-0.0007389617967419326,1.3476160764694214,2.281250937369819,1.1319235563278198,0.0001,20000.0
2.0,11875.0,1.1875,0.59375,0.59375,0.11167524755001068,0.9739059209823608,-0.001629712525755167,1.4233055114746094,2.5437495392762344,1.2424771785736084,0.0001,20000.0
2.0,12500.0,1.25,0.625,0.625,0.1392439305782318,0.9185410141944885,0.0014984536683186889,1.5075888633728027,2.834948782940046,1.3546028137207031,0.0001,20000.0
2.0,13125.0,1.3125,0.65625,0.65625,0.16957691311836243,0.8609386086463928,0.0005412435857579112,1.603052020072937,3.151672128587961,1.46685791015625,0.0001,20000.0
2.0,13750.0,1.375,0.6875,0.6875,0.20214110612869263,0.8023760318756104,0.0012173966970294714,1.705301284790039,3.4890459452435607,1.5776710510253906,0.0001,20000.0
2.0,14375.0,1.4375,0.71875,0.71875,0.23342342674732208,0.7399125695228577,0.0007468130206689239,1.8224406242370605,3.84049845084661,1.685377836227417,0.0001,20000.0
2.0,15000.0,1.5,0.75,0.75,0.2650575041770935,0.6801194548606873,-0.00033826660364866257,1.9444892406463623,4.197871208897652,1.7882592678070068,0.0001,20000.0
2.0,15625.0,1.5625,0.78125,0.78125,0.29202139377593994,0.6192027926445007,0.0009383417782373726,2.0782310962677,4.55166699912219,1.8845866918563843,0.0001,20000.0
2.0,16250.0,1.625,0.8125,0.8125,0.31485751271247864,0.5609712600708008,-0.0007922595832496881,2.2181594371795654,4.891421123558544,1.9726685285568237,0.0001,20000.0
2.0,16875.0,1.6875,0.84375,0.84375,0.329630970954895,0.5032972693443298,0.0002055155928246677,2.369607925415039,5.2061917159686,2.0509002208709717,0.0001,20000.0
2.0,17500.0,1.75,0.875,0.875,0.33571308851242065,0.4482312798500061,-0.0010078294435516,2.5303146839141846,5.485126311267095,2.117811679840088,0.0001,20000.0
2.0,18125.0,1.8125,0.90625,0.90625,0.3316301703453064,0.39572933316230774,-0.002766015473753214,2.6971518993377686,5.718077738915838,2.1721136569976807,0.0001,20000.0
2.0,18750.0,1.875,0.9375,0.9375,0.3186507821083069,0.34807097911834717,-0.0038823282811790705,2.8617734909057617,5.896212786218314,2.2127387523651123,0.0001,20000.0
2.0,19375.0,1.9375,0.96875,0.96875,0.29747775197029114,0.3058473467826843,-0.004075420554727316,3.0250966548919678,6.0125683458100525,2.2388765811920166,0.0001,20000.0
2.0,20000.0,2.0,1.0,1.0,0.2678409814834595,0.2678409814834595,-0.0047277119010686874,3.1910669803619385,6.0625,2.25,0.0001,20000.0
4.0,0.0,0.0,0.0,0.0,0.0025931857526302338,1.292888879776001,-0.0002576704428065568,0.9992316961288452,1.0043912588251316,0.06626657396554947,0.0001,40000.0
4.0,1250.0,0.125,0.03125,0.03125,0.0026765204966068268,1.2921489477157593,-0.0004212382482364774,1.0007375478744507,1.006755308696527,0.08219068497419357,0.0001,40000.0
4.0,2500.0,0.25,0.0625,0.0625,0.002565687522292137,1.2929801940917969,0.001385218813084066,1.0019793510437012,1.0102519442757745,0.10125188529491425,0.0001,40000.0
4.0,3750.0,0.375,0.09375,0.09375,0.002581142820417881,1.2920403480529785,0.0009797138627618551,1.0026459693908691,1.0153487222751791,0.12388996034860611,0.0001,40000.0
4.0,5000.0,0.5,0.125,0.125,0.002711753360927105,1.2884023189544678,-0.0011501306435093284,1.005411148071289,1.02266953604779,0.1505640596151352,0.0001,40000.0
4.0,6250.0,0.625,0.15625,0.15625,0.002853651763871312,1.280755639076233,-0.0016638238448649645,1.0139222145080566,1.0330307278253505,0.1817435771226883,0.0001,40000.0
4.0,7500.0,0.75,0.1875,0.1875,0.0028599239885807037,1.2774955034255981,-0.003022693796083331,1.0193452835083008,1.047478640645027,0.21789593994617462,0.0001,40000.0
4.0,8750.0,0.875,0.21875,0.21875,0.002914049429818988,1.2705910205841064,-0.003117606043815613,1.027029037475586,1.067326065527741,0.25947266817092896,0.0001,40000.0
4.0,10000.0,1.0,0.25,0.25,0.0036868795286864042,1.2628041505813599,-0.0023005653638392687,1.0376538038253784,1.0941831067508057,0.30689266324043274,0.0001,40000.0
4.0,11250.0,1.125,0.28125,0.28125,0.004101051017642021,1.25443434715271,-0.0015254390891641378,1.049859642982483,1.129977317287712,0.36052367091178894,0.0001,40000.0
4.0,12500.0,1.25,0.3125,0.3125,0.005361619405448437,1.2373714447021484,-0.0009183279471471906,1.0697141885757446,1.1769566818735067,0.42066219449043274,0.0001,40000.0
4.0,13750.0,1.375,0.34375,0.34375,0.006570644211024046,1.2159898281097412,-0.00040928740054368973,1.096276044845581,1.2376681752508745,0.4875122308731079,0.0001,40000.0
4.0,15000.0,1.5,0.375,0.375,0.008573969826102257,1.1884491443634033,-1.7806243704399094e-05,1.1308609247207642,1.3149052597050037,0.5611642003059387,0.0001,40000.0
4.0,16250.0,1.625,0.40625,0.40625,0.01242276094853878,1.160078525543213,-0.0021303771063685417,1.1668751239776611,1.411617382715633,0.6415741443634033,0.0001,40000.0
4.0,17500.0,1.75,0.4375,0.4375,0.016530824825167656,1.1195777654647827,-0.001594998175278306,1.219086766242981,1.5307770500831452,0.7285444736480713,0.0001,40000.0
4.0,18750.0,1.875,0.46875,0.46875,0.02246806025505066,1.0711603164672852,-0.0017192913219332695,1.2812492847442627,1.675204859605433,0.8217085003852844,0.0001,40000.0
4.0,20000.0,2.0,0.5,0.5,0.030769383534789085,1.0220239162445068,-0.0023541308473795652,1.3524737358093262,1.8473517074271655,0.920517086982727,0.0001,40000.0
4.0,21250.0,2.125,0.53125,0.53125,0.04016418755054474,0.9648635983467102,-0.0022493842989206314,1.442548394203186,2.0490507627116727,1.0242317914962769,0.0001,40000.0
4.0,22500.0,2.25,0.5625,0.5625,0.05180513113737106,0.9017412662506104,-0.003414413658902049,1.547001600265503,2.281250937369819,1.1319235563278198,0.0001,40000.0
4.0,23750.0,2.375,0.59375,0.59375,0.06640924513339996,0.8370417356491089,-0.005239241290837526,1.6582001447677612,2.5437495392762344,1.2424771785736084,0.0001,40000.0
4.0,25000.0,2.5,0.625,0.625,0.08032673597335815,0.7639026641845703,-0.004961198195815086,1.7933439016342163,2.834948782940046,1.3546028137207031,0.0001,40000.0
4.0,26250.0,2.625,0.65625,0.65625,0.09576243162155151,0.689440131187439,-0.004513382911682129,1.9424917697906494,3.151672128587961,1.46685791015625,0.0001,40000.0
4.0,27500.0,2.75,0.6875,0.6875,0.1114654690027237,0.6143839359283447,-0.006656235083937645,2.1097183227539062,3.4890459452435607,1.5776710510253906,0.0001,40000.0
4.0,28750.0,2.875,0.71875,0.71875,0.12563073635101318,0.5401873588562012,-0.003898757277056575,2.2921881675720215,3.84049845084661,1.685377836227417,0.0001,40000.0
4.0,30000.0,3.0,0.75,0.75,0.13816289603710175,0.46810516715049744,-0.004893821198493242,2.488736391067505,4.197871208897652,1.7882592678070068,0.0001,40000.0
4.0,31250.0,3.125,0.78125,0.78125,0.14732323586940765,0.39957332611083984,-0.005039561539888382,2.700281858444214,4.55166699912219,1.8845866918563843,0.0001,40000.0
4.0,32500.0,3.25,0.8125,0.8125,0.15158089995384216,0.33460742235183716,-0.007158106658607721,2.9303030967712402,4.891421123558544,1.9726685285568237,0.0001,40000.0
4.0,33750.0,3.375,0.84375,0.84375,0.1525001972913742,0.27748623490333557,-0.007194943260401487,3.1626179218292236,5.2061917159686,2.0509002208709717,0.0001,40000.0
4.0,35000.0,3.5,0.875,0.875,0.14936348795890808,0.22747346758842468,-0.006796483416110277,3.4029672145843506,5.485126311267095,2.117811679840088,0.0001,40000.0
4.0,36250.0,3.625,0.90625,0.90625,0.13870491087436676,0.18133622407913208,-0.008844876661896706,3.6496310234069824,5.718077738915838,2.1721136569976807,0.0001,40000.0
4.0,37500.0,3.75,0.9375,0.9375,0.12625597417354584,0.14505985379219055,-0.009123452939093113,3.878267288208008,5.896212786218314,2.2127387523651123,0.0001,40000.0
4.0,38750.0,3.875,0.96875,0.96875,0.10708235204219818,0.11212191730737686,-0.009334275498986244,4.118791103363037,6.0125683458100525,2.2388765811920166,0.0001,40000.0
4.0,40000.0,4.0,1.0,1.0,0.08659131824970245,0.08659131824970245,-0.010016750544309616,4.333589553833008,6.0625,2.25,0.0001,40000.0
6.0,0.0,0.0,0.0,0.0,0.0025931857526302338,1.292888879776001,-0.0002576704428065568,0.9992316961288452,1.0043912588251316,0.06626657396554947,0.0001,60000.0
6.0,1875.0,0.1875,0.03125,0.03125,0.00276976078748703,1.2919824123382568,-8.36062608868815e-05,0.9990777373313904,1.006755308696527,0.08219068497419357,0.0001,60000.0
6.0,3750.0,0.375,0.0625,0.0625,0.0027434001676738262,1.292759656906128,-0.0012680486543104053,0.9985293745994568,1.0102519442757745,0.10125188529491425,0.0001,60000.0
6.0,5625.0,0.5625,0.09375,0.09375,0.0027847883757203817,1.2933526039123535,0.0008502019918523729,0.9986257553100586,1.0153487222751791,0.12388996034860611,0.0001,60000.0
6.0,7500.0,0.75,0.125,0.125,0.0028762612491846085,1.2860841751098633,-0.001024015131406486,1.0062928199768066,1.02266953604779,0.1505640596151352,0.0001,60000.0
6.0,9375.0,0.9375,0.15625,0.15625,0.002728179097175598,1.2760090827941895,-0.0034624359104782343,1.020462989807129,1.0330307278253505,0.1817435771226883,0.0001,60000.0
6.0,11250.0,1.125,0.1875,0.1875,0.002914289478212595,1.2732505798339844,-0.0022569349966943264,1.0263822078704834,1.047478640645027,0.21789593994617462,0.0001,60000.0
6.0,13125.0,1.3125,0.21875,0.21875,0.0028655976057052612,1.2614097595214844,-0.003130126977339387,1.038802146911621,1.067326065527741,0.25947266817092896,0.0001,60000.0
6.0,15000.0,1.5,0.25,0.25,0.0030222744680941105,1.2498540878295898,-0.006364930421113968,1.0525695085525513,1.0941831067508057,0.30689266324043274,0.0001,60000.0
6.0,16875.0,1.6875,0.28125,0.28125,0.0033942845184355974,1.2372630834579468,-0.005080389324575663,1.0690776109695435,1.129977317287712,0.36052367091178894,0.0001,60000.0
6.0,18750.0,1.875,0.3125,0.3125,0.004337752237915993,1.2227983474731445,-0.0071224672719836235,1.087899923324585,1.1769566818735067,0.42066219449043274,0.0001,60000.0
6.0,20625.0,2.0625,0.34375,0.34375,0.005328458268195391,1.1955432891845703,-0.006023085676133633,1.1201621294021606,1.2376681752508745,0.4875122308731079,0.0001,60000.0
6.0,22500.0,2.25,0.375,0.375,0.006816638633608818,1.1659753322601318,-0.0028213115874677896,1.1568503379821777,1.3149052597050037,0.5611642003059387,0.0001,60000.0
6.0,24375.0,2.4375,0.40625,0.40625,0.009076178073883057,1.1275842189788818,-0.0031787422485649586,1.208606481552124,1.411617382715633,0.6415741443634033,0.0001,60000.0
6.0,26250.0,2.625,0.4375,0.4375,0.011665001511573792,1.08119797706604,-0.0036408232990652323,1.2734438180923462,1.5307770500831452,0.7285444736480713,0.0001,60000.0
6.0,28125.0,2.8125,0.46875,0.46875,0.014918932691216469,1.0216867923736572,-0.0028840613085776567,1.3578773736953735,1.675204859605433,0.8217085003852844,0.0001,60000.0
6.0,30000.0,3.0,0.5,0.5,0.02121991291642189,0.9688454866409302,-0.005709013435989618,1.4393208026885986,1.8473517074271655,0.920517086982727,0.0001,60000.0
6.0,31875.0,3.1875,0.53125,0.53125,0.026882406324148178,0.9006683826446533,-0.004287283401936293,1.5502638816833496,2.0490507627116727,1.0242317914962769,0.0001,60000.0
6.0,33750.0,3.375,0.5625,0.5625,0.03389617055654526,0.8243405818939209,-0.005961380433291197,1.6826857328414917,2.281250937369819,1.1319235563278198,0.0001,60000.0
6.0,35625.0,3.5625,0.59375,0.59375,0.0425691083073616,0.7493100762367249,-0.004011011682450771,1.825869083404541,2.5437495392762344,1.2424771785736084,0.0001,60000.0
6.0,37500.0,3.75,0.625,0.625,0.05088839307427406,0.6694293022155762,-0.00400008587166667,1.9919869899749756,2.834948782940046,1.3546028137207031,0.0001,60000.0
6.0,39375.0,3.9375,0.65625,0.65625,0.060645654797554016,0.5902291536331177,-0.003235776675865054,2.176671028137207,3.151672128587961,1.46685791015625,0.0001,60000.0
6.0,41250.0,4.125,0.6875,0.6875,0.06935011595487595,0.5107666254043579,-0.00066559505648911,2.380047082901001,3.4890459452435607,1.5776710510253906,0.0001,60000.0
6.0,43125.0,4.3125,0.71875,0.71875,0.07650259882211685,0.4338293671607971,-0.0010197539813816547,2.606438636779785,3.84049845084661,1.685377836227417,0.0001,60000.0
6.0,45000.0,4.5,0.75,0.75,0.08414104580879211,0.36411410570144653,-0.000789571669884026,2.8423779010772705,4.197871208897652,1.7882592678070068,0.0001,60000.0
6.0,46875.0,4.6875,0.78125,0.78125,0.08676792681217194,0.2952629327774048,-0.003143543843179941,3.0995497703552246,4.55166699912219,1.8845866918563843,0.0001,60000.0
6.0,48750.0,4.875,0.8125,0.8125,0.08813339471817017,0.236479252576828,-0.001701001194305718,3.3648791313171387,4.891421123558544,1.9726685285568237,0.0001,60000.0
6.0,50625.0,5.0625,0.84375,0.84375,0.08760382980108261,0.18660412728786469,0.00021981536701787263,3.626913070678711,5.2061917159686,2.0509002208709717,0.0001,60000.0
6.0,52500.0,5.25,0.875,0.875,0.08136459439992905,0.14101561903953552,0.002264805370941758,3.9138684272766113,5.485126311267095,2.117811679840088,0.0001,60000.0
6.0,54375.0,5.4375,0.90625,0.90625,0.07271237671375275,0.1041564792394638,0.0015956572024151683,4.192880153656006,5.718077738915838,2.1721136569976807,0.0001,60000.0
6.0,56250.0,5.625,0.9375,0.9375,0.06119420379400253,0.07432518899440765,0.0030823484994471073,4.468993186950684,5.896212786218314,2.2127387523651123,0.0001,60000.0
6.0,58125.0,5.8125,0.96875,0.96875,0.04945419356226921,0.05283164232969284,0.0033116221893578768,4.717358589172363,6.0125683458100525,2.2388765811920166,0.0001,60000.0
6.0,60000.0,6.0,1.0,1.0,0.0371667817234993,0.0371667817234993,-0.0012134249554947019,4.9316534996032715,6.0625,2.25,0.0001,60000.0
8.0,0.0,0.0,0.0,0.0,0.0025931857526302338,1.292888879776001,-0.0002576704428065568,0.9992316961288452,1.0043912588251316,0.06626657396554947,0.0001,80000.0
8.0,2500.0,0.25,0.03125,0.03125,0.0031673330813646317,1.294358491897583,-0.0025836217682808638,0.9980280995368958,1.006755308696527,0.08219068497419357,0.0001,80000.0
8.0,5000.0,0.5,0.0625,0.0625,0.0026145773008465767,1.2863060235977173,-0.005480770021677017,1.005382776260376,1.0102519442757745,0.10125188529491425,0.0001,80000.0
8.0,7500.0,0.75,0.09375,0.09375,0.002939583035185933,1.2900867462158203,-0.0031959530897438526,1.001936435699463,1.0153487222751791,0.12388996034860611,0.0001,80000.0
8.0,10000.0,1.0,0.125,0.125,0.0029469975270330906,1.280529260635376,-0.001271198969334364,1.0139979124069214,1.02266953604779,0.1505640596151352,0.0001,80000.0
8.0,12500.0,1.25,0.15625,0.15625,0.0030597439035773277,1.2759506702423096,0.00246008625254035,1.0241024494171143,1.0330307278253505,0.1817435771226883,0.0001,80000.0
8.0,15000.0,1.5,0.1875,0.1875,0.002814477076753974,1.2661634683609009,0.0036473548971116543,1.0335748195648193,1.047478640645027,0.21789593994617462,0.0001,80000.0
8.0,17500.0,1.75,0.21875,0.21875,0.002823685761541128,1.2582099437713623,0.005100698210299015,1.0426651239395142,1.067326065527741,0.25947266817092896,0.0001,80000.0
8.0,20000.0,2.0,0.25,0.25,0.0029973413329571486,1.2440731525421143,0.006606488022953272,1.0610212087631226,1.0941831067508057,0.30689266324043274,0.0001,80000.0
8.0,22500.0,2.25,0.28125,0.28125,0.003502892330288887,1.230309009552002,0.006480548996478319,1.0784887075424194,1.129977317287712,0.36052367091178894,0.0001,80000.0
8.0,25000.0,2.5,0.3125,0.3125,0.0036942337173968554,1.2064285278320312,0.0037409942597150803,1.1067568063735962,1.1769566818735067,0.42066219449043274,0.0001,80000.0
8.0,27500.0,2.75,0.34375,0.34375,0.004567456431686878,1.1776964664459229,0.005777714308351278,1.1458979845046997,1.2376681752508745,0.4875122308731079,0.0001,80000.0
8.0,30000.0,3.0,0.375,0.375,0.005756215192377567,1.1409430503845215,0.006747616454958916,1.191872000694275,1.3149052597050037,0.5611642003059387,0.0001,80000.0
8.0,32500.0,3.25,0.40625,0.40625,0.007272307761013508,1.102907657623291,0.0022672931663691998,1.2458323240280151,1.411617382715633,0.6415741443634033,0.0001,80000.0
8.0,35000.0,3.5,0.4375,0.4375,0.009189018048346043,1.0544359683990479,0.0004709314671345055,1.3140836954116821,1.5307770500831452,0.7285444736480713,0.0001,80000.0
8.0,37500.0,3.75,0.46875,0.46875,0.012591634877026081,0.9985496997833252,0.00018111632380168885,1.3996773958206177,1.675204859605433,0.8217085003852844,0.0001,80000.0
8.0,40000.0,4.0,0.5,0.5,0.014972954988479614,0.9270970821380615,0.0018863589502871037,1.5079971551895142,1.8473517074271655,0.920517086982727,0.0001,80000.0
8.0,42500.0,4.25,0.53125,0.53125,0.02018384262919426,0.8593201637268066,0.0013087874976918101,1.6238257884979248,2.0490507627116727,1.0242317914962769,0.0001,80000.0
8.0,45000.0,4.5,0.5625,0.5625,0.025091858580708504,0.7816710472106934,-0.002323719672858715,1.7672672271728516,2.281250937369819,1.1319235563278198,0.0001,80000.0
8.0,47500.0,4.75,0.59375,0.59375,0.0316949263215065,0.7040415406227112,1.8298949726158753e-05,1.923972487449646,2.5437495392762344,1.2424771785736084,0.0001,80000.0
8.0,50000.0,5.0,0.625,0.625,0.03749380260705948,0.6192595362663269,0.0009761950350366533,2.1113603115081787,2.834948782940046,1.3546028137207031,0.0001,80000.0
8.0,52500.0,5.25,0.65625,0.65625,0.04327353462576866,0.5347205400466919,0.00419163191691041,2.3277804851531982,3.151672128587961,1.46685791015625,0.0001,80000.0
8.0,55000.0,5.5,0.6875,0.6875,0.048215631395578384,0.4519023299217224,0.0012732892064377666,2.5560715198516846,3.4890459452435607,1.5776710510253906,0.0001,80000.0
8.0,57500.0,5.75,0.71875,0.71875,0.05093248188495636,0.3688778579235077,-0.0032735972199589014,2.824920654296875,3.84049845084661,1.685377836227417,0.0001,80000.0
8.0,60000.0,6.0,0.75,0.75,0.05386103689670563,0.2971763014793396,-0.0012204134836792946,3.097825050354004,4.197871208897652,1.7882592678070068,0.0001,80000.0
8.0,62500.0,6.25,0.78125,0.78125,0.055372726172208786,0.23421043157577515,0.0011812353041023016,3.3836700916290283,4.55166699912219,1.8845866918563843,0.0001,80000.0
8.0,65000.0,6.5,0.8125,0.8125,0.05460777133703232,0.17833057045936584,-0.001324338954873383,3.6856164932250977,4.891421123558544,1.9726685285568237,0.0001,80000.0
8.0,67500.0,6.75,0.84375,0.84375,0.05157315731048584,0.1314249038696289,-0.0007892211433500051,3.9848263263702393,5.2061917159686,2.0509002208709717,0.0001,80000.0
8.0,70000.0,7.0,0.875,0.875,0.04715218394994736,0.09402555227279663,-0.0023626862093806267,4.286403656005859,5.485126311267095,2.117811679840088,0.0001,80000.0
8.0,72500.0,7.25,0.90625,0.90625,0.04240959882736206,0.06671212613582611,-0.0061520980671048164,4.5572919845581055,5.718077738915838,2.1721136569976807,0.0001,80000.0
8.0,75000.0,7.5,0.9375,0.9375,0.034918162971735,0.04471788555383682,-0.005832562688738108,4.828256130218506,5.896212786218314,2.2127387523651123,0.0001,80000.0
8.0,77500.0,7.75,0.96875,0.96875,0.026562919840216637,0.02897026017308235,-0.0037583818193525076,5.076419353485107,6.0125683458100525,2.2388765811920166,0.0001,80000.0
8.0,80000.0,8.0,1.0,1.0,0.01939992420375347,0.01939992420375347,-0.005557551514357328,5.284164905548096,6.0625,2.25,0.0001,80000.0
10.0,0.0,0.0,0.0,0.0,0.0025931857526302338,1.292888879776001,-0.0002576704428065568,0.9992316961288452,1.0043912588251316,0.06626657396554947,0.0001,100000.0
10.0,3125.0,0.3125,0.03125,0.03125,0.0028591882437467575,1.2973082065582275,0.004285023547708988,0.9959375858306885,1.006755308696527,0.08219068497419357,0.0001,100000.0
10.0,6250.0,0.625,0.0625,0.0625,0.0026408389676362276,1.2938587665557861,0.0002040081744780764,0.9992785453796387,1.0102519442757745,0.10125188529491425,0.0001,100000.0
10.0,9375.0,0.9375,0.09375,0.09375,0.0027094222605228424,1.2907345294952393,0.0003223782405257225,1.0020350217819214,1.0153487222751791,0.12388996034860611,0.0001,100000.0
10.0,12500.0,1.25,0.125,0.125,0.0029364426154643297,1.2842369079589844,0.0014377934858202934,1.010224461555481,1.02266953604779,0.1505640596151352,0.0001,100000.0
10.0,15625.0,1.5625,0.15625,0.15625,0.002812124788761139,1.276003122329712,0.0022928682155907154,1.0220171213150024,1.0330307278253505,0.1817435771226883,0.0001,100000.0
10.0,18750.0,1.875,0.1875,0.1875,0.002960829995572567,1.2666826248168945,-0.000770373793784529,1.032128930091858,1.047478640645027,0.21789593994617462,0.0001,100000.0
10.0,21875.0,2.1875,0.21875,0.21875,0.003018358489498496,1.2603119611740112,-0.003542218590155244,1.0386888980865479,1.067326065527741,0.25947266817092896,0.0001,100000.0
10.0,25000.0,2.5,0.25,0.25,0.0031329174526035786,1.2463223934173584,-0.00463657034561038,1.0557913780212402,1.0941831067508057,0.30689266324043274,0.0001,100000.0
10.0,28125.0,2.8125,0.28125,0.28125,0.0033560674637556076,1.2286810874938965,-0.0032111553009599447,1.079000473022461,1.129977317287712,0.36052367091178894,0.0001,100000.0
10.0,31250.0,3.125,0.3125,0.3125,0.003667046781629324,1.2047547101974487,-0.0041312347166240215,1.1088604927062988,1.1769566818735067,0.42066219449043274,0.0001,100000.0
10.0,34375.0,3.4375,0.34375,0.34375,0.004361036233603954,1.1723337173461914,-0.0022831535898149014,1.1496703624725342,1.2376681752508745,0.4875122308731079,0.0001,100000.0
10.0,37500.0,3.75,0.375,0.375,0.0047665005549788475,1.1310365200042725,-0.003384031355381012,1.2046464681625366,1.3149052597050037,0.5611642003059387,0.0001,100000.0
10.0,40625.0,4.0625,0.40625,0.40625,0.00589410588145256,1.0867493152618408,-0.005941371433436871,1.2675385475158691,1.411617382715633,0.6415741443634033,0.0001,100000.0
10.0,43750.0,4.375,0.4375,0.4375,0.007877995260059834,1.0359406471252441,-0.00708245811983943,1.3423584699630737,1.5307770500831452,0.7285444736480713,0.0001,100000.0
10.0,46875.0,4.6875,0.46875,0.46875,0.009517977014183998,0.9668598175048828,-0.006605401635169983,1.444960594177246,1.675204859605433,0.8217085003852844,0.0001,100000.0
10.0,50000.0,5.0,0.5,0.5,0.012258032336831093,0.9010141491889954,-0.0012010085629299283,1.552118182182312,1.8473517074271655,0.920517086982727,0.0001,100000.0
10.0,53125.0,5.3125,0.53125,0.53125,0.01583949662744999,0.8297747373580933,-0.0031261525582522154,1.6790691614151,2.0490507627116727,1.0242317914962769,0.0001,100000.0
10.0,56250.0,5.625,0.5625,0.5625,0.018944453448057175,0.7460424900054932,-0.0027055784594267607,1.8429018259048462,2.281250937369819,1.1319235563278198,0.0001,100000.0
10.0,59375.0,5.9375,0.59375,0.59375,0.022849610075354576,0.6606460809707642,-0.0029395415913313627,2.0193653106689453,2.5437495392762344,1.2424771785736084,0.0001,100000.0
10.0,62500.0,6.25,0.625,0.625,0.02760547399520874,0.577206015586853,-0.0005164770409464836,2.2175612449645996,2.834948782940046,1.3546028137207031,0.0001,100000.0
10.0,65625.0,6.5625,0.65625,0.65625,0.03192123770713806,0.49191752076148987,-0.0009050645167008042,2.4451682567596436,3.151672128587961,1.46685791015625,0.0001,100000.0
10.0,68750.0,6.875,0.6875,0.6875,0.03549593687057495,0.4099203050136566,0.002580175409093499,2.693559169769287,3.4890459452435607,1.5776710510253906,0.0001,100000.0
10.0,71875.0,7.1875,0.71875,0.71875,0.03841949626803398,0.3335990011692047,0.0030140660237520933,2.9643747806549072,3.84049845084661,1.685377836227417,0.0001,100000.0
10.0,75000.0,7.5,0.75,0.75,0.04063959792256355,0.2639272212982178,0.0057661570608615875,3.250882863998413,4.197871208897652,1.7882592678070068,0.0001,100000.0
10.0,78125.0,7.8125,0.78125,0.78125,0.040781572461128235,0.20235739648342133,0.007067654747515917,3.5536746978759766,4.55166699912219,1.8845866918563843,0.0001,100000.0
10.0,81250.0,8.125,0.8125,0.8125,0.039369888603687286,0.14953213930130005,0.004981121513992548,3.859884262084961,4.891421123558544,1.9726685285568237,0.0001,100000.0
10.0,84375.0,8.4375,0.84375,0.84375,0.03611301630735397,0.10522987693548203,0.002685961779206991,4.198741912841797,5.2061917159686,2.0509002208709717,0.0001,100000.0
10.0,87500.0,8.75,0.875,0.875,0.032686278223991394,0.07249358296394348,0.0021559468004852533,4.508177280426025,5.485126311267095,2.117811679840088,0.0001,100000.0
10.0,90625.0,9.0625,0.90625,0.90625,0.026865722611546516,0.04644966870546341,0.0019366340711712837,4.801476955413818,5.718077738915838,2.1721136569976807,0.0001,100000.0
10.0,93750.0,9.375,0.9375,0.9375,0.021795514971017838,0.029528919607400894,0.0021834808867424726,5.068775177001953,5.896212786218314,2.2127387523651123,0.0001,100000.0
10.0,96875.0,9.6875,0.96875,0.96875,0.016779989004135132,0.01863318309187889,0.0015996111324056983,5.296621322631836,6.0125683458100525,2.2388765811920166,0.0001,100000.0
10.0,100000.0,10.0,1.0,1.0,0.011797608807682991,0.011797608807682991,0.0009712240425869823,5.4932780265808105,6.0625,2.25,0.0001,100000.0
12.0,0.0,0.0,0.0,0.0,0.0025931857526302338,1.292888879776001,-0.0002576704428065568,0.9992316961288452,1.0043912588251316,0.06626657396554947,0.0001,120000.0
12.0,3750.0,0.375,0.03125,0.03125,0.0027130884118378162,1.2963488101959229,-0.001960308523848653,0.9960939288139343,1.006755308696527,0.08219068497419357,0.0001,120000.0
12.0,7500.0,0.75,0.0625,0.0625,0.0027343041729182005,1.2885489463806152,-0.0024977291468530893,1.004891037940979,1.0102519442757745,0.10125188529491425,0.0001,120000.0
12.0,11250.0,1.125,0.09375,0.09375,0.002550356322899461,1.281909704208374,0.00022487255046144128,1.0131213665008545,1.0153487222751791,0.12388996034860611,0.0001,120000.0
12.0,15000.0,1.5,0.125,0.125,0.002655124058946967,1.2780793905258179,0.0010492622386664152,1.0194728374481201,1.02266953604779,0.1505640596151352,0.0001,120000.0
12.0,18750.0,1.875,0.15625,0.15625,0.0029233815148472786,1.2734310626983643,0.00043158026528544724,1.024379014968872,1.0330307278253505,0.1817435771226883,0.0001,120000.0
12.0,22500.0,2.25,0.1875,0.1875,0.0027171242982149124,1.2689343690872192,-0.0007547832792624831,1.031079888343811,1.047478640645027,0.21789593994617462,0.0001,120000.0
12.0,26250.0,2.625,0.21875,0.21875,0.0032544401474297047,1.2646039724349976,0.00032952087349258363,1.0349303483963013,1.067326065527741,0.25947266817092896,0.0001,120000.0
12.0,30000.0,3.0,0.25,0.25,0.0030364112462848425,1.2451077699661255,-0.0017710389802232385,1.0593771934509277,1.0941831067508057,0.30689266324043274,0.0001,120000.0
12.0,33750.0,3.375,0.28125,0.28125,0.0031928839161992073,1.232228398323059,0.002121877856552601,1.0748180150985718,1.129977317287712,0.36052367091178894,0.0001,120000.0
12.0,37500.0,3.75,0.3125,0.3125,0.0037395330145955086,1.2013580799102783,0.0010763343889266253,1.1118433475494385,1.1769566818735067,0.42066219449043274,0.0001,120000.0
12.0,41250.0,4.125,0.34375,0.34375,0.004136526025831699,1.16748046875,-0.001520742429420352,1.1586272716522217,1.2376681752508745,0.4875122308731079,0.0001,120000.0
12.0,45000.0,4.5,0.375,0.375,0.005301520228385925,1.1320831775665283,-0.0019031970296055079,1.2035186290740967,1.3149052597050037,0.5611642003059387,0.0001,120000.0
12.0,48750.0,4.875,0.40625,0.40625,0.0056912945583462715,1.0833120346069336,0.0019957320764660835,1.2747360467910767,1.411617382715633,0.6415741443634033,0.0001,120000.0
12.0,52500.0,5.25,0.4375,0.4375,0.006839343346655369,1.0273966789245605,0.0024062655866146088,1.3553730249404907,1.5307770500831452,0.7285444736480713,0.0001,120000.0
12.0,56250.0,5.625,0.46875,0.46875,0.009039951488375664,0.9641386270523071,0.00459238700568676,1.4522318840026855,1.675204859605433,0.8217085003852844,0.0001,120000.0
12.0,60000.0,6.0,0.5,0.5,0.009947145357728004,0.8818805813789368,0.0018801402766257524,1.5858649015426636,1.8473517074271655,0.920517086982727,0.0001,120000.0
12.0,63750.0,6.375,0.53125,0.53125,0.013305624015629292,0.8095842599868774,0.0007138496730476618,1.7151689529418945,2.0490507627116727,1.0242317914962769,0.0001,120000.0
12.0,67500.0,6.75,0.5625,0.5625,0.016536138951778412,0.7266517281532288,-0.0003290391468908638,1.8744920492172241,2.281250937369819,1.1319235563278198,0.0001,120000.0
12.0,71250.0,7.125,0.59375,0.59375,0.0195314884185791,0.6412191390991211,0.0024531527888029814,2.070716142654419,2.5437495392762344,1.2424771785736084,0.0001,120000.0
12.0,75000.0,7.5,0.625,0.625,0.0220523402094841,0.5501005053520203,-0.0022315424866974354,2.2880258560180664,2.834948782940046,1.3546028137207031,0.0001,120000.0
12.0,78750.0,7.875,0.65625,0.65625,0.025092575699090958,0.4627581536769867,-0.007709415163844824,2.525228977203369,3.151672128587961,1.46685791015625,0.0001,120000.0
12.0,82500.0,8.25,0.6875,0.6875,0.027864042669534683,0.38258689641952515,-0.009279374964535236,2.7910678386688232,3.4890459452435607,1.5776710510253906,0.0001,120000.0
12.0,86250.0,8.625,0.71875,0.71875,0.03093869984149933,0.3094114363193512,-0.007871974259614944,3.064188241958618,3.84049845084661,1.685377836227417,0.0001,120000.0
12.0,90000.0,9.0,0.75,0.75,0.031239058822393417,0.23945602774620056,-0.011532933451235294,3.369673013687134,4.197871208897652,1.7882592678070068,0.0001,120000.0
12.0,93750.0,9.375,0.78125,0.78125,0.030947228893637657,0.1788589060306549,-0.011883742175996304,3.685119152069092,4.55166699912219,1.8845866918563843,0.0001,120000.0
12.0,97500.0,9.75,0.8125,0.8125,0.028870366513729095,0.12736767530441284,-0.010832656174898148,4.018428802490234,4.891421123558544,1.9726685285568237,0.0001,120000.0
12.0,101250.0,10.125,0.84375,0.84375,0.02633500099182129,0.08748622238636017,-0.014509419910609722,4.351513862609863,5.2061917159686,2.0509002208709717,0.0001,120000.0
12.0,105000.0,10.5,0.875,0.875,0.022484775632619858,0.05624355748295784,-0.016663357615470886,4.6865620613098145,5.485126311267095,2.117811679840088,0.0001,120000.0
12.0,108750.0,10.875,0.90625,0.90625,0.01929347775876522,0.03584805503487587,-0.017074095085263252,4.963334560394287,5.718077738915838,2.1721136569976807,0.0001,120000.0
12.0,112500.0,11.25,0.9375,0.9375,0.015406821854412556,0.0216982401907444,-0.017567509785294533,5.2360382080078125,5.896212786218314,2.2127387523651123,0.0001,120000.0
12.0,116250.0,11.625,0.96875,0.96875,0.011691712774336338,0.013105756603181362,-0.013217708095908165,5.463301181793213,6.0125683458100525,2.2388765811920166,0.0001,120000.0
12.0,120000.0,12.0,1.0,1.0,0.008061559870839119,0.008061559870839119,-0.01259700208902359,5.644632339477539,6.0625,2.25,0.0001,120000.0
14.0,0.0,0.0,0.0,0.0,0.0025931857526302338,1.292888879776001,-0.0002576704428065568,0.9992316961288452,1.0043912588251316,0.06626657396554947,0.0001,140000.0
14.0,4375.0,0.4375,0.03125,0.03125,0.002867561299353838,1.289024829864502,-0.0027829839382320642,1.0065243244171143,1.006755308696527,0.08219068497419357,0.0001,140000.0
14.0,8750.0,0.875,0.0625,0.0625,0.002557955216616392,1.2872889041900635,-0.00010872787242988124,1.0063496828079224,1.0102519442757745,0.10125188529491425,0.0001,140000.0
14.0,13125.0,1.3125,0.09375,0.09375,0.002921945182606578,1.278820514678955,0.002917524892836809,1.018403172492981,1.0153487222751791,0.12388996034860611,0.0001,140000.0
14.0,17500.0,1.75,0.125,0.125,0.002589843235909939,1.2789201736450195,0.0014874773332849145,1.0158727169036865,1.02266953604779,0.1505640596151352,0.0001,140000.0
14.0,21875.0,2.1875,0.15625,0.15625,0.0028228345327079296,1.2714228630065918,0.0004488653503358364,1.026498794555664,1.0330307278253505,0.1817435771226883,0.0001,140000.0
14.0,26250.0,2.625,0.1875,0.1875,0.0030416790395975113,1.2677619457244873,-0.0017428069841116667,1.0321182012557983,1.047478640645027,0.21789593994617462,0.0001,140000.0
14.0,30625.0,3.0625,0.21875,0.21875,0.0029968642629683018,1.2557787895202637,-0.0031335274688899517,1.0452901124954224,1.067326065527741,0.25947266817092896,0.0001,140000.0
14.0,35000.0,3.5,0.25,0.25,0.0032421050127595663,1.2405776977539062,-0.00265489611774683,1.0667634010314941,1.0941831067508057,0.30689266324043274,0.0001,140000.0
14.0,39375.0,3.9375,0.28125,0.28125,0.003313118126243353,1.222062587738037,-0.0045844875276088715,1.0889486074447632,1.129977317287712,0.36052367091178894,0.0001,140000.0
14.0,43750.0,4.375,0.3125,0.3125,0.0034165452234447002,1.1907967329025269,5.219104787101969e-05,1.1284633874893188,1.1769566818735067,0.42066219449043274,0.0001,140000.0
14.0,48125.0,4.8125,0.34375,0.34375,0.0035530405584722757,1.1567214727401733,-0.0016688593896105886,1.1758376359939575,1.2376681752508745,0.4875122308731079,0.0001,140000.0
14.0,52500.0,5.25,0.375,0.375,0.003886258229613304,1.1146867275238037,0.001451306976377964,1.2327144145965576,1.3149052597050037,0.5611642003059387,0.0001,140000.0
14.0,56875.0,5.6875,0.40625,0.40625,0.004799121990799904,1.062192440032959,0.0017644556937739253,1.3036575317382812,1.411617382715633,0.6415741443634033,0.0001,140000.0
14.0,61250.0,6.125,0.4375,0.4375,0.006206982769072056,1.0086100101470947,0.000399787473725155,1.3884353637695312,1.5307770500831452,0.7285444736480713,0.0001,140000.0
14.0,65625.0,6.5625,0.46875,0.46875,0.0073555028066039085,0.9430078864097595,0.0031540270429104567,1.484854817390442,1.675204859605433,0.8217085003852844,0.0001,140000.0
14.0,70000.0,7.0,0.5,0.5,0.008962903171777725,0.8704004287719727,0.0011382505763322115,1.6077765226364136,1.8473517074271655,0.920517086982727,0.0001,140000.0
14.0,74375.0,7.4375,0.53125,0.53125,0.010163465514779091,0.7840495109558105,3.4936980227939785e-05,1.7692546844482422,2.0490507627116727,1.0242317914962769,0.0001,140000.0
14.0,78750.0,7.875,0.5625,0.5625,0.013199329376220703,0.7036226391792297,0.0022645210847258568,1.9343374967575073,2.281250937369819,1.1319235563278198,0.0001,140000.0
14.0,83125.0,8.3125,0.59375,0.59375,0.015506573021411896,0.6165784597396851,-0.001715147402137518,2.123786449432373,2.5437495392762344,1.2424771785736084,0.0001,140000.0
14.0,87500.0,8.75,0.625,0.625,0.017720501869916916,0.5266860723495483,0.0002798965433612466,2.3523778915405273,2.834948782940046,1.3546028137207031,0.0001,140000.0
14.0,91875.0,9.1875,0.65625,0.65625,0.019564250484108925,0.4385377764701843,-0.0006435055402107537,2.6067235469818115,3.151672128587961,1.46685791015625,0.0001,140000.0
14.0,96250.0,9.625,0.6875,0.6875,0.02205156721174717,0.35903286933898926,0.003969832789152861,2.871833086013794,3.4890459452435607,1.5776710510253906,0.0001,140000.0
14.0,100625.0,10.0625,0.71875,0.71875,0.02327559143304825,0.2818782329559326,0.007622564677149057,3.1732475757598877,3.84049845084661,1.685377836227417,0.0001,140000.0
14.0,105000.0,10.5,0.75,0.75,0.02425117790699005,0.21721534430980682,0.008024902082979679,3.4843156337738037,4.197871208897652,1.7882592678070068,0.0001,140000.0
14.0,109375.0,10.9375,0.78125,0.78125,0.022855166345834732,0.157770574092865,0.008833315223455429,3.818525552749634,4.55166699912219,1.8845866918563843,0.0001,140000.0
14.0,113750.0,11.375,0.8125,0.8125,0.022226877510547638,0.11188052594661713,0.011839447543025017,4.1448750495910645,4.891421123558544,1.9726685285568237,0.0001,140000.0
14.0,118125.0,11.8125,0.84375,0.84375,0.02004784531891346,0.07449039816856384,0.012187723070383072,4.476463794708252,5.2061917159686,2.0509002208709717,0.0001,140000.0
14.0,122500.0,12.25,0.875,0.875,0.01756015419960022,0.04796326905488968,0.007621480617672205,4.789042949676514,5.485126311267095,2.117811679840088,0.0001,140000.0
14.0,126875.0,12.6875,0.90625,0.90625,0.014677870087325573,0.028965052217245102,0.009176638908684254,5.0821852684021,5.718077738915838,2.1721136569976807,0.0001,140000.0
14.0,131250.0,13.125,0.9375,0.9375,0.011503693647682667,0.01681157387793064,0.00860594492405653,5.346372604370117,5.896212786218314,2.2127387523651123,0.0001,140000.0
14.0,135625.0,13.5625,0.96875,0.96875,0.00922785047441721,0.01042846217751503,0.010260380804538727,5.547070026397705,6.0125683458100525,2.2388765811920166,0.0001,140000.0
14.0,140000.0,14.0,1.0,1.0,0.006657964549958706,0.006657964549958706,0.010946045629680157,5.730061054229736,6.0625,2.25,0.0001,140000.0
16.0,0.0,0.0,0.0,0.0,0.0025931857526302338,1.292888879776001,-0.0002576704428065568,0.9992316961288452,1.0043912588251316,0.06626657396554947,0.0001,160000.0
16.0,5000.0,0.5,0.03125,0.03125,0.0026590172201395035,1.290764570236206,-0.0011720182374119759,1.0045578479766846,1.006755308696527,0.08219068497419357,0.0001,160000.0
16.0,10000.0,1.0,0.0625,0.0625,0.0029433947056531906,1.287084698677063,-0.0014687981456518173,1.008899211883545,1.0102519442757745,0.10125188529491425,0.0001,160000.0
16.0,15000.0,1.5,0.09375,0.09375,0.0023192446678876877,1.2858965396881104,9.571472037350759e-05,1.0078644752502441,1.0153487222751791,0.12388996034860611,0.0001,160000.0
16.0,20000.0,2.0,0.125,0.125,0.0026335357688367367,1.2860736846923828,0.0010592843173071742,1.0084506273269653,1.02266953604779,0.1505640596151352,0.0001,160000.0
16.0,25000.0,2.5,0.15625,0.15625,0.002474698703736067,1.2738797664642334,0.0007017111056484282,1.023505687713623,1.0330307278253505,0.1817435771226883,0.0001,160000.0
16.0,30000.0,3.0,0.1875,0.1875,0.002983508165925741,1.2619764804840088,-0.004925521556288004,1.0394402742385864,1.047478640645027,0.21789593994617462,0.0001,160000.0
16.0,35000.0,3.5,0.21875,0.21875,0.0028413268737494946,1.244326114654541,-0.0025265677832067013,1.0592349767684937,1.067326065527741,0.25947266817092896,0.0001,160000.0
16.0,40000.0,4.0,0.25,0.25,0.0028007656801491976,1.2351200580596924,-0.004491014871746302,1.070357084274292,1.0941831067508057,0.30689266324043274,0.0001,160000.0
16.0,45000.0,4.5,0.28125,0.28125,0.002985886763781309,1.2174862623214722,-0.0033999462611973286,1.0945854187011719,1.129977317287712,0.36052367091178894,0.0001,160000.0
16.0,50000.0,5.0,0.3125,0.3125,0.0030847203452140093,1.1884180307388306,-0.003279642667621374,1.132543921470642,1.1769566818735067,0.42066219449043274,0.0001,160000.0
16.0,55000.0,5.5,0.34375,0.34375,0.003346990328282118,1.1529549360275269,-0.005483605898916721,1.1776330471038818,1.2376681752508745,0.4875122308731079,0.0001,160000.0
16.0,60000.0,6.0,0.375,0.375,0.0037362747825682163,1.105270504951477,-0.004174008034169674,1.2434520721435547,1.3149052597050037,0.5611642003059387,0.0001,160000.0
16.0,65000.0,6.5,0.40625,0.40625,0.004835775587707758,1.0618977546691895,-0.006322707515209913,1.3039952516555786,1.411617382715633,0.6415741443634033,0.0001,160000.0
16.0,70000.0,7.0,0.4375,0.4375,0.005257873795926571,1.0015406608581543,-0.007029029540717602,1.396401047706604,1.5307770500831452,0.7285444736480713,0.0001,160000.0
16.0,75000.0,7.5,0.46875,0.46875,0.006998597178608179,0.9339795708656311,-0.010395945981144905,1.5041390657424927,1.675204859605433,0.8217085003852844,0.0001,160000.0
16.0,80000.0,8.0,0.5,0.5,0.007640006020665169,0.8533662557601929,-0.005443933419883251,1.6431163549423218,1.8473517074271655,0.920517086982727,0.0001,160000.0
16.0,85000.0,8.5,0.53125,0.53125,0.009186259470880032,0.7719513177871704,2.1218260371824726e-05,1.793353796005249,2.0490507627116727,1.0242317914962769,0.0001,160000.0
16.0,90000.0,9.0,0.5625,0.5625,0.011303506791591644,0.6870481967926025,-0.0003949453530367464,1.9706182479858398,2.281250937369819,1.1319235563278198,0.0001,160000.0
16.0,95000.0,9.5,0.59375,0.59375,0.01353327464312315,0.6005786657333374,0.000776613422203809,2.160210132598877,2.5437495392762344,1.2424771785736084,0.0001,160000.0
16.0,100000.0,10.0,0.625,0.625,0.01493466179817915,0.5094680786132812,0.0032224354799836874,2.4057583808898926,2.834948782940046,1.3546028137207031,0.0001,160000.0
16.0,105000.0,10.5,0.65625,0.65625,0.016950832679867744,0.425232470035553,0.005020844284445047,2.647742509841919,3.151672128587961,1.46685791015625,0.0001,160000.0
16.0,110000.0,11.0,0.6875,0.6875,0.01717238314449787,0.33736687898635864,0.010599816218018532,2.952603340148926,3.4890459452435607,1.5776710510253906,0.0001,160000.0
16.0,115000.0,11.5,0.71875,0.71875,0.018788348883390427,0.2659178078174591,0.008927267976105213,3.2407310009002686,3.84049845084661,1.685377836227417,0.0001,160000.0
16.0,120000.0,12.0,0.75,0.75,0.019598044455051422,0.20216238498687744,0.013190004974603653,3.5570199489593506,4.197871208897652,1.7882592678070068,0.0001,160000.0
16.0,125000.0,12.5,0.78125,0.78125,0.01905430108308792,0.1461191475391388,0.013141630217432976,3.8994009494781494,4.55166699912219,1.8845866918563843,0.0001,160000.0
16.0,130000.0,13.0,0.8125,0.8125,0.018178440630435944,0.10217352956533432,0.014579309150576591,4.222658157348633,4.891421123558544,1.9726685285568237,0.0001,160000.0
16.0,135000.0,13.5,0.84375,0.84375,0.016824983060359955,0.06829454749822617,0.01028344128280878,4.542122840881348,5.2061917159686,2.0509002208709717,0.0001,160000.0
16.0,140000.0,14.0,0.875,0.875,0.015027604065835476,0.04298814386129379,0.01300142053514719,4.856564998626709,5.485126311267095,2.117811679840088,0.0001,160000.0
16.0,145000.0,14.5,0.90625,0.90625,0.01166331022977829,0.02445966750383377,0.011727365665137768,5.168030261993408,5.718077738915838,2.1721136569976807,0.0001,160000.0
16.0,150000.0,15.0,0.9375,0.9375,0.008848320692777634,0.013202888891100883,0.01115098875015974,5.4539055824279785,5.896212786218314,2.2127387523651123,0.0001,160000.0
16.0,155000.0,15.5,0.96875,0.96875,0.007278229109942913,0.008223285898566246,0.010869437828660011,5.658327579498291,6.0125683458100525,2.2388765811920166,0.0001,160000.0
16.0,160000.0,16.0,1.0,1.0,0.005577153991907835,0.005577153991907835,0.011851872317492962,5.797745227813721,6.0625,2.25,0.0001,160000.0
18.0,0.0,0.0,0.0,0.0,0.0025931857526302338,1.292888879776001,-0.0002576704428065568,0.9992316961288452,1.0043912588251316,0.06626657396554947,0.0001,180000.0
18.0,5625.0,0.5625,0.03125,0.03125,0.0029779209289699793,1.2898612022399902,-0.0018845269223675132,1.0064184665679932,1.006755308696527,0.08219068497419357,0.0001,180000.0
18.0,11250.0,1.125,0.0625,0.0625,0.0027875229716300964,1.2818920612335205,0.000804884301032871,1.0129450559616089,1.0102519442757745,0.10125188529491425,0.0001,180000.0
18.0,16875.0,1.6875,0.09375,0.09375,0.002797774039208889,1.279588222503662,0.00040671066381037235,1.0174477100372314,1.0153487222751791,0.12388996034860611,0.0001,180000.0
18.0,22500.0,2.25,0.125,0.125,0.0028456919826567173,1.2754480838775635,0.0007930421270430088,1.0219403505325317,1.02266953604779,0.1505640596151352,0.0001,180000.0
18.0,28125.0,2.8125,0.15625,0.15625,0.002982638543471694,1.2681388854980469,0.00031890501850284636,1.0304923057556152,1.0330307278253505,0.1817435771226883,0.0001,180000.0
18.0,33750.0,3.375,0.1875,0.1875,0.0031250515021383762,1.258865237236023,-0.0017647227505221963,1.0421183109283447,1.047478640645027,0.21789593994617462,0.0001,180000.0
18.0,39375.0,3.9375,0.21875,0.21875,0.0025559342466294765,1.2475732564926147,7.119827205315232e-05,1.0552794933319092,1.067326065527741,0.25947266817092896,0.0001,180000.0
18.0,45000.0,4.5,0.25,0.25,0.0028110607527196407,1.2325457334518433,0.004055491648614407,1.073625922203064,1.0941831067508057,0.30689266324043274,0.0001,180000.0
18.0,50625.0,5.0625,0.28125,0.28125,0.0030155256390571594,1.2118604183197021,0.0017490078462287784,1.1022530794143677,1.129977317287712,0.36052367091178894,0.0001,180000.0
18.0,56250.0,5.625,0.3125,0.3125,0.0030742462258785963,1.1799116134643555,-0.0032027866691350937,1.1434681415557861,1.1769566818735067,0.42066219449043274,0.0001,180000.0
18.0,61875.0,6.1875,0.34375,0.34375,0.003306242637336254,1.1477720737457275,-0.002757028443738818,1.1839227676391602,1.2376681752508745,0.4875122308731079,0.0001,180000.0
18.0,67500.0,6.75,0.375,0.375,0.003619162132963538,1.1057231426239014,-0.0032659643329679966,1.2424769401550293,1.3149052597050037,0.5611642003059387,0.0001,180000.0
18.0,73125.0,7.3125,0.40625,0.40625,0.003969221375882626,1.0494029521942139,-0.0015435760142281651,1.321106195449829,1.411617382715633,0.6415741443634033,0.0001,180000.0
18.0,78750.0,7.875,0.4375,0.4375,0.004977167584002018,0.9973499774932861,0.0009881077567115426,1.402519941329956,1.5307770500831452,0.7285444736480713,0.0001,180000.0
18.0,84375.0,8.4375,0.46875,0.46875,0.006252909079194069,0.9301364421844482,-0.004242184106260538,1.5088245868682861,1.675204859605433,0.8217085003852844,0.0001,180000.0
18.0,90000.0,9.0,0.5,0.5,0.00712064653635025,0.8523708581924438,-0.0070266867987811565,1.6435884237289429,1.8473517074271655,0.920517086982727,0.0001,180000.0
18.0,95625.0,9.5625,0.53125,0.53125,0.00939119327813387,0.771520733833313,-0.0027151925023645163,1.7941243648529053,2.0490507627116727,1.0242317914962769,0.0001,180000.0
18.0,101250.0,10.125,0.5625,0.5625,0.010314528830349445,0.6808006763458252,-0.0023823254741728306,1.9861623048782349,2.281250937369819,1.1319235563278198,0.0001,180000.0
18.0,106875.0,10.6875,0.59375,0.59375,0.010898233391344547,0.5829677581787109,-0.0024302478414028883,2.209890604019165,2.5437495392762344,1.2424771785736084,0.0001,180000.0
18.0,112500.0,11.25,0.625,0.625,0.012408876791596413,0.49289649724960327,0.0009832873474806547,2.4495530128479004,2.834948782940046,1.3546028137207031,0.0001,180000.0
18.0,118125.0,11.8125,0.65625,0.65625,0.013950873166322708,0.4071669578552246,0.0026869336143136024,2.709453821182251,3.151672128587961,1.46685791015625,0.0001,180000.0
18.0,123750.0,12.375,0.6875,0.6875,0.015325726941227913,0.32847267389297485,-0.0015907116467133164,2.992074728012085,3.4890459452435607,1.5776710510253906,0.0001,180000.0
18.0,129375.0,12.9375,0.71875,0.71875,0.016162076964974403,0.2557210922241211,0.0025130538269877434,3.2939677238464355,3.84049845084661,1.685377836227417,0.0001,180000.0
18.0,135000.0,13.5,0.75,0.75,0.016466841101646423,0.19084833562374115,0.0007017709431238472,3.628415584564209,4.197871208897652,1.7882592678070068,0.0001,180000.0
18.0,140625.0,14.0625,0.78125,0.78125,0.016429487615823746,0.1379607915878296,0.004635360091924667,3.9547297954559326,4.55166699912219,1.8845866918563843,0.0001,180000.0
18.0,146250.0,14.625,0.8125,0.8125,0.015171211212873459,0.09385859221220016,-0.005386055912822485,4.298372268676758,4.891421123558544,1.9726685285568237,0.0001,180000.0
18.0,151875.0,15.1875,0.84375,0.84375,0.013691853731870651,0.06109277531504631,-0.0022714424412697554,4.627819061279297,5.2061917159686,2.0509002208709717,0.0001,180000.0
18.0,157500.0,15.75,0.875,0.875,0.012178214266896248,0.03727736324071884,-0.0038220335263758898,4.94945764541626,5.485126311267095,2.117811679840088,0.0001,180000.0
18.0,163125.0,16.3125,0.90625,0.90625,0.009883423335850239,0.02149125561118126,-0.0031326201278716326,5.230844020843506,5.718077738915838,2.1721136569976807,0.0001,180000.0
18.0,168750.0,16.875,0.9375,0.9375,0.00858945120126009,0.012932002544403076,-0.008012373000383377,5.4586100578308105,5.896212786218314,2.2127387523651123,0.0001,180000.0
18.0,174375.0,17.4375,0.96875,0.96875,0.006746726110577583,0.007583270780742168,-0.004677363205701113,5.696203231811523,6.0125683458100525,2.2388765811920166,0.0001,180000.0
18.0,180000.0,18.0,1.0,1.0,0.0047857556492090225,0.0047857556492090225,-0.0073203882202506065,5.840229511260986,6.0625,2.25,0.0001,180000.0
20.0,0.0,0.0,0.0,0.0,0.0025931857526302338,1.292888879776001,-0.0002576704428065568,0.9992316961288452,1.0043912588251316,0.06626657396554947,0.0001,200000.0
20.0,6250.0,0.625,0.03125,0.03125,0.002648338209837675,1.292367696762085,2.1208114048931748e-05,1.0012435913085938,1.006755308696527,0.08219068497419357,0.0001,200000.0
20.0,12500.0,1.25,0.0625,0.0625,0.0024358760565519333,1.2816661596298218,-0.0033452296629548073,1.01422119140625,1.0102519442757745,0.10125188529491425,0.0001,200000.0
20.0,18750.0,1.875,0.09375,0.09375,0.002665444975718856,1.2780399322509766,-0.0042855627834796906,1.0200518369674683,1.0153487222751791,0.12388996034860611,0.0001,200000.0
20.0,25000.0,2.5,0.125,0.125,0.002895844168961048,1.2723243236541748,-0.0024257039185613394,1.0259777307510376,1.02266953604779,0.1505640596151352,0.0001,200000.0
20.0,31250.0,3.125,0.15625,0.15625,0.0027889993507415056,1.2667250633239746,-0.002578237559646368,1.0306816101074219,1.0330307278253505,0.1817435771226883,0.0001,200000.0
20.0,37500.0,3.75,0.1875,0.1875,0.002986341714859009,1.2554771900177002,-0.0020449552685022354,1.0463725328445435,1.047478640645027,0.21789593994617462,0.0001,200000.0
20.0,43750.0,4.375,0.21875,0.21875,0.0027337707579135895,1.2532219886779785,-0.0018677437910810113,1.048478364944458,1.067326065527741,0.25947266817092896,0.0001,200000.0
20.0,50000.0,5.0,0.25,0.25,0.002781862625852227,1.233925223350525,-0.00027936918195337057,1.072426199913025,1.0941831067508057,0.30689266324043274,0.0001,200000.0
20.0,56250.0,5.625,0.28125,0.28125,0.0031244363635778427,1.2103118896484375,-0.005463635083287954,1.1041463613510132,1.129977317287712,0.36052367091178894,0.0001,200000.0
20.0,62500.0,6.25,0.3125,0.3125,0.003219186794012785,1.182502269744873,-0.00918955635279417,1.1401106119155884,1.1769566818735067,0.42066219449043274,0.0001,200000.0
20.0,68750.0,6.875,0.34375,0.34375,0.0034292496275156736,1.1454676389694214,-0.007668517995625734,1.1880779266357422,1.2376681752508745,0.4875122308731079,0.0001,200000.0
20.0,75000.0,7.5,0.375,0.375,0.003859435673803091,1.1089465618133545,-0.002053814008831978,1.2401113510131836,1.3149052597050037,0.5611642003059387,0.0001,200000.0
20.0,81250.0,8.125,0.40625,0.40625,0.003690203884616494,1.0499529838562012,0.0005879170494154096,1.324245572090149,1.411617382715633,0.6415741443634033,0.0001,200000.0
20.0,87500.0,8.75,0.4375,0.4375,0.004368191119283438,0.9817153215408325,0.002623014384880662,1.4307284355163574,1.5307770500831452,0.7285444736480713,0.0001,200000.0
20.0,93750.0,9.375,0.46875,0.46875,0.00534436572343111,0.9176754951477051,0.00015196288586594164,1.5324424505233765,1.675204859605433,0.8217085003852844,0.0001,200000.0
20.0,100000.0,10.0,0.5,0.5,0.006742156110703945,0.8434793949127197,0.0025708037428557873,1.662796974182129,1.8473517074271655,0.920517086982727,0.0001,200000.0
20.0,106250.0,10.625,0.53125,0.53125,0.007531211711466312,0.754716157913208,0.004152728244662285,1.8318926095962524,2.0490507627116727,1.0242317914962769,0.0001,200000.0
20.0,112500.0,11.25,0.5625,0.5625,0.008329641073942184,0.6636716723442078,0.002119709039106965,2.020207405090332,2.281250937369819,1.1319235563278198,0.0001,200000.0
20.0,118750.0,11.875,0.59375,0.59375,0.01020762324333191,0.5751900672912598,-0.0030513890087604523,2.232572078704834,2.5437495392762344,1.2424771785736084,0.0001,200000.0
20.0,125000.0,12.5,0.625,0.625,0.011586733162403107,0.484085351228714,-0.0015457223635166883,2.4760518074035645,2.834948782940046,1.3546028137207031,0.0001,200000.0
20.0,131250.0,13.125,0.65625,0.65625,0.012194802984595299,0.395723819732666,-0.0025807630736380816,2.7519755363464355,3.151672128587961,1.46685791015625,0.0001,200000.0
20.0,137500.0,13.75,0.6875,0.6875,0.013703097589313984,0.3180397152900696,-0.00016731231880839914,3.02811598777771,3.4890459452435607,1.5776710510253906,0.0001,200000.0
20.0,143750.0,14.375,0.71875,0.71875,0.01379484124481678,0.2447749376296997,-0.0040902029722929,3.3480865955352783,3.84049845084661,1.685377836227417,0.0001,200000.0
20.0,150000.0,15.0,0.75,0.75,0.01335173286497593,0.17862287163734436,-0.004060401581227779,3.702328681945801,4.197871208897652,1.7882592678070068,0.0001,200000.0
20.0,156250.0,15.625,0.78125,0.78125,0.012727925553917885,0.12553977966308594,-0.005443671252578497,4.044095516204834,4.55166699912219,1.8845866918563843,0.0001,200000.0
20.0,162500.0,16.25,0.8125,0.8125,0.012542867101728916,0.08582057803869247,-0.003434200072661042,4.372165679931641,4.891421123558544,1.9726685285568237,0.0001,200000.0
20.0,168750.0,16.875,0.84375,0.84375,0.012984050437808037,0.05843493342399597,-0.004179602488875389,4.663211345672607,5.2061917159686,2.0509002208709717,0.0001,200000.0
20.0,175000.0,17.5,0.875,0.875,0.010970236733555794,0.03548388555645943,-0.005340924020856619,4.966193199157715,5.485126311267095,2.117811679840088,0.0001,200000.0
20.0,181250.0,18.125,0.90625,0.90625,0.009440287947654724,0.020555809140205383,0.00010940124047920108,5.26573371887207,5.718077738915838,2.1721136569976807,0.0001,200000.0
20.0,187500.0,18.75,0.9375,0.9375,0.007326722145080566,0.01104019396007061,1.7079466488212347e-05,5.530713081359863,5.896212786218314,2.2127387523651123,0.0001,200000.0
20.0,193750.0,19.375,0.96875,0.96875,0.005661479197442532,0.006426344625651836,0.0007993706967681646,5.7254838943481445,6.0125683458100525,2.2388765811920166,0.0001,200000.0
20.0,200000.0,20.0,1.0,1.0,0.00487571069970727,0.00487571069970727,-0.003754917299374938,5.860371112823486,6.0625,2.25,0.0001,200000.0
60.0,0.0,0.0,0.0,0.0,0.0025931857526302338,1.292888879776001,-0.0002576704428065568,0.9992316961288452,1.0043912588251316,0.06626657396554947,0.0001,600000.0
60.0,18750.0,1.875,0.03125,0.03125,0.0025358956772834063,1.289921522140503,-0.005591289605945349,1.0028139352798462,1.006755308696527,0.08219068497419357,0.0001,600000.0
60.0,37500.0,3.75,0.0625,0.0625,0.002774349180981517,1.2867159843444824,-0.001708372263237834,1.0081485509872437,1.0102519442757745,0.10125188529491425,0.0001,600000.0
60.0,56250.0,5.625,0.09375,0.09375,0.00265432707965374,1.284416913986206,-0.00028628637664951384,1.0104596614837646,1.0153487222751791,0.12388996034860611,0.0001,600000.0
60.0,75000.0,7.5,0.125,0.125,0.0026492609176784754,1.2756199836730957,-0.0036942814476788044,1.0213836431503296,1.02266953604779,0.1505640596151352,0.0001,600000.0
60.0,93750.0,9.375,0.15625,0.15625,0.0027342671528458595,1.2649353742599487,-0.0018460603896528482,1.0348584651947021,1.0330307278253505,0.1817435771226883,0.0001,600000.0
60.0,112500.0,11.25,0.1875,0.1875,0.0025565330870449543,1.258116364479065,-0.002298715990036726,1.0414516925811768,1.047478640645027,0.21789593994617462,0.0001,600000.0
60.0,131250.0,13.125,0.21875,0.21875,0.002913109725341201,1.2358793020248413,-0.004073868505656719,1.0728634595870972,1.067326065527741,0.25947266817092896,0.0001,600000.0
60.0,150000.0,15.0,0.25,0.25,0.002700978424400091,1.2280834913253784,0.00411158986389637,1.0797494649887085,1.0941831067508057,0.30689266324043274,0.0001,600000.0
60.0,168750.0,16.875,0.28125,0.28125,0.0029865996912121773,1.2058327198028564,-0.0007882911595515907,1.1116383075714111,1.129977317287712,0.36052367091178894,0.0001,600000.0
60.0,187500.0,18.75,0.3125,0.3125,0.002834930783137679,1.1625235080718994,0.004011243581771851,1.1664372682571411,1.1769566818735067,0.42066219449043274,0.0001,600000.0
60.0,206250.0,20.625,0.34375,0.34375,0.0030792192555963993,1.1232898235321045,-0.002272693207487464,1.215085744857788,1.2376681752508745,0.4875122308731079,0.0001,600000.0
60.0,225000.0,22.5,0.375,0.375,0.0031289192847907543,1.0751261711120605,0.0012160224141553044,1.2861467599868774,1.3149052597050037,0.5611642003059387,0.0001,600000.0
60.0,243750.0,24.375,0.40625,0.40625,0.0029330996330827475,1.0166804790496826,0.0024512740783393383,1.3732640743255615,1.411617382715633,0.6415741443634033,0.0001,600000.0
60.0,262500.0,26.25,0.4375,0.4375,0.003557107876986265,0.945202112197876,-0.003387374570593238,1.4908592700958252,1.5307770500831452,0.7285444736480713,0.0001,600000.0
60.0,281250.0,28.125,0.46875,0.46875,0.003474030178040266,0.8686789274215698,0.00024264922831207514,1.622476577758789,1.675204859605433,0.8217085003852844,0.0001,600000.0
60.0,300000.0,30.0,0.5,0.5,0.0037505615036934614,0.7825458645820618,-0.0006198028568178415,1.7819876670837402,1.8473517074271655,0.920517086982727,0.0001,600000.0
60.0,318750.0,31.875,0.53125,0.53125,0.003784436732530594,0.6971943378448486,-0.0016602916875854135,1.9580142498016357,2.0490507627116727,1.0242317914962769,0.0001,600000.0
60.0,337500.0,33.75,0.5625,0.5625,0.004372871946543455,0.5975156426429749,-0.0020916948560625315,2.1836061477661133,2.281250937369819,1.1319235563278198,0.0001,600000.0
60.0,356250.0,35.625,0.59375,0.59375,0.004239831119775772,0.5064574480056763,-0.007366862613707781,2.4209249019622803,2.5437495392762344,1.2424771785736084,0.0001,600000.0
60.0,375000.0,37.5,0.625,0.625,0.004526009317487478,0.4112251400947571,-0.0068064965307712555,2.7045481204986572,2.834948782940046,1.3546028137207031,0.0001,600000.0
60.0,393750.0,39.375,0.65625,0.65625,0.004679915960878134,0.32878410816192627,-0.004326836671680212,2.9992387294769287,3.151672128587961,1.46685791015625,0.0001,600000.0
60.0,412500.0,41.25,0.6875,0.6875,0.0044128913432359695,0.2490164041519165,-0.0019236879888921976,3.3349125385284424,3.4890459452435607,1.5776710510253906,0.0001,600000.0
60.0,431250.0,43.125,0.71875,0.71875,0.0047899214550852776,0.1843584179878235,0.0063978927209973335,3.668222188949585,3.84049845084661,1.685377836227417,0.0001,600000.0
60.0,450000.0,45.0,0.75,0.75,0.00495439488440752,0.13039861619472504,0.0027518069837242365,4.012596607208252,4.197871208897652,1.7882592678070068,0.0001,600000.0
60.0,468750.0,46.875,0.78125,0.78125,0.004737701267004013,0.08677719533443451,0.004184418823570013,4.369649887084961,4.55166699912219,1.8845866918563843,0.0001,600000.0
60.0,487500.0,48.75,0.8125,0.8125,0.005195248872041702,0.055510420352220535,0.003092111088335514,4.70436429977417,4.891421123558544,1.9726685285568237,0.0001,600000.0
60.0,506250.0,50.625,0.84375,0.84375,0.004613444674760103,0.03174714744091034,0.004780910909175873,5.037878513336182,5.2061917159686,2.0509002208709717,0.0001,600000.0
60.0,525000.0,52.5,0.875,0.875,0.003924950957298279,0.016899913549423218,0.004389234818518162,5.342453956604004,5.485126311267095,2.117811679840088,0.0001,600000.0
60.0,543750.0,54.375,0.90625,0.90625,0.004462577402591705,0.009572114795446396,0.002926176181063056,5.590195655822754,5.718077738915838,2.1721136569976807,0.0001,600000.0
60.0,562500.0,56.25,0.9375,0.9375,0.004212034400552511,0.005805660970509052,-0.003644819837063551,5.785190105438232,5.896212786218314,2.2127387523651123,0.0001,600000.0
60.0,581250.0,58.125,0.96875,0.96875,0.00398179329931736,0.004199738148599863,-0.00849524699151516,5.946953296661377,6.0125683458100525,2.2388765811920166,0.0001,600000.0
60.0,600000.0,60.0,1.0,1.0,0.004034450277686119,0.004034450277686119,-0.004231029190123081,6.058420181274414,6.0625,2.25,0.0001,600000.0
80.0,0.0,0.0,0.0,0.0,0.0025931857526302338,1.292888879776001,-0.0002576704428065568,0.9992316961288452,1.0043912588251316,0.06626657396554947,0.0001,800000.0
80.0,25000.0,2.5,0.03125,0.03125,0.0028131576254963875,1.2898433208465576,0.001583817065693438,1.007461428642273,1.006755308696527,0.08219068497419357,0.0001,800000.0
80.0,50000.0,5.0,0.0625,0.0625,0.002914553740993142,1.2838637828826904,-0.005386009346693754,1.0113054513931274,1.0102519442757745,0.10125188529491425,0.0001,800000.0
80.0,75000.0,7.5,0.09375,0.09375,0.0026585094165056944,1.2806860208511353,-0.00048751456779427826,1.0152256488800049,1.0153487222751791,0.12388996034860611,0.0001,800000.0
80.0,100000.0,10.0,0.125,0.125,0.002848639152944088,1.2780842781066895,0.0013419341994449496,1.0175440311431885,1.02266953604779,0.1505640596151352,0.0001,800000.0
80.0,125000.0,12.5,0.15625,0.15625,0.0029617578256875277,1.2659316062927246,-0.002348853973671794,1.034314513206482,1.0330307278253505,0.1817435771226883,0.0001,800000.0
80.0,150000.0,15.0,0.1875,0.1875,0.002760636154562235,1.2473022937774658,-0.002414784161373973,1.0569299459457397,1.047478640645027,0.21789593994617462,0.0001,800000.0
80.0,175000.0,17.5,0.21875,0.21875,0.002610260620713234,1.2458431720733643,0.0016845293575897813,1.0570958852767944,1.067326065527741,0.25947266817092896,0.0001,800000.0
80.0,200000.0,20.0,0.25,0.25,0.0027265092357993126,1.2182869911193848,0.0011461450485512614,1.094115972518921,1.0941831067508057,0.30689266324043274,0.0001,800000.0
80.0,225000.0,22.5,0.28125,0.28125,0.002887777052819729,1.1995205879211426,0.005069013684988022,1.1189582347869873,1.129977317287712,0.36052367091178894,0.0001,800000.0
80.0,250000.0,25.0,0.3125,0.3125,0.002914553042501211,1.1644620895385742,-0.004324150737375021,1.1602919101715088,1.1769566818735067,0.42066219449043274,0.0001,800000.0
80.0,275000.0,27.5,0.34375,0.34375,0.002855693455785513,1.1165660619735718,0.0033322807867079973,1.2244597673416138,1.2376681752508745,0.4875122308731079,0.0001,800000.0
80.0,300000.0,30.0,0.375,0.375,0.0029211072251200676,1.0707600116729736,-0.0004411219561006874,1.2941490411758423,1.3149052597050037,0.5611642003059387,0.0001,800000.0
80.0,325000.0,32.5,0.40625,0.40625,0.002924741245806217,1.0090391635894775,-0.0017451957101002336,1.3894195556640625,1.411617382715633,0.6415741443634033,0.0001,800000.0
80.0,350000.0,35.0,0.4375,0.4375,0.003291731234639883,0.9437546730041504,-0.0033432655036449432,1.4915046691894531,1.5307770500831452,0.7285444736480713,0.0001,800000.0
80.0,375000.0,37.5,0.46875,0.46875,0.003640838898718357,0.865689218044281,0.003256650408729911,1.6263654232025146,1.675204859605433,0.8217085003852844,0.0001,800000.0
80.0,400000.0,40.0,0.5,0.5,0.00311643211171031,0.7731117010116577,0.0031870680395513773,1.8012025356292725,1.8473517074271655,0.920517086982727,0.0001,800000.0
80.0,425000.0,42.5,0.53125,0.53125,0.003524688770994544,0.6799262762069702,0.006051171571016312,1.9927445650100708,2.0490507627116727,1.0242317914962769,0.0001,800000.0
80.0,450000.0,45.0,0.5625,0.5625,0.003699828637763858,0.5893688201904297,-0.0019606854766607285,2.2048826217651367,2.281250937369819,1.1319235563278198,0.0001,800000.0
80.0,475000.0,47.5,0.59375,0.59375,0.004465973470360041,0.49884724617004395,-0.004290828015655279,2.4412264823913574,2.5437495392762344,1.2424771785736084,0.0001,800000.0
80.0,500000.0,50.0,0.625,0.625,0.003883744589984417,0.4045131802558899,0.005125357303768396,2.730475664138794,2.834948782940046,1.3546028137207031,0.0001,800000.0
80.0,525000.0,52.5,0.65625,0.65625,0.004045076668262482,0.3166898787021637,0.006359887309372425,3.046821355819702,3.151672128587961,1.46685791015625,0.0001,800000.0
80.0,550000.0,55.0,0.6875,0.6875,0.004475489258766174,0.2445184588432312,0.0009172784048132598,3.364132881164551,3.4890459452435607,1.5776710510253906,0.0001,800000.0
80.0,575000.0,57.5,0.71875,0.71875,0.004318783525377512,0.17555022239685059,0.0007462905487045646,3.727829933166504,3.84049845084661,1.685377836227417,0.0001,800000.0
80.0,600000.0,60.0,0.75,0.75,0.0045760213397443295,0.12544013559818268,-0.0004824092029593885,4.055122375488281,4.197871208897652,1.7882592678070068,0.0001,800000.0
80.0,625000.0,62.5,0.78125,0.78125,0.004329118877649307,0.08348830044269562,0.0005282104248180985,4.402126312255859,4.55166699912219,1.8845866918563843,0.0001,800000.0
80.0,650000.0,65.0,0.8125,0.8125,0.004064653068780899,0.049951519817113876,0.005072818603366613,4.769858360290527,4.891421123558544,1.9726685285568237,0.0001,800000.0
80.0,675000.0,67.5,0.84375,0.84375,0.0044471644796431065,0.029741588979959488,0.0006980969337746501,5.0751633644104,5.2061917159686,2.0509002208709717,0.0001,800000.0
80.0,700000.0,70.0,0.875,0.875,0.003943681716918945,0.015440783463418484,-0.0014506762381643057,5.386439800262451,5.485126311267095,2.117811679840088,0.0001,800000.0
80.0,725000.0,72.5,0.90625,0.90625,0.004237783141434193,0.008600329980254173,0.0022525512613356113,5.638892650604248,5.718077738915838,2.1721136569976807,0.0001,800000.0
80.0,750000.0,75.0,0.9375,0.9375,0.003930187784135342,0.00524479616433382,0.006715760100632906,5.8202805519104,5.896212786218314,2.2127387523651123,0.0001,800000.0
80.0,775000.0,77.5,0.96875,0.96875,0.0040585920214653015,0.004284324124455452,0.008754495531320572,5.949203014373779,6.0125683458100525,2.2388765811920166,0.0001,800000.0
80.0,800000.0,80.0,1.0,1.0,0.0036522075533866882,0.0036522075533866882,-0.0023752690758556128,6.044643878936768,6.0625,2.25,0.0001,800000.0
100.0,0.0,0.0,0.0,0.0,0.0025931857526302338,1.292888879776001,-0.0002576704428065568,0.9992316961288452,1.0043912588251316,0.06626657396554947,0.0001,1000000.0
100.0,31250.0,3.125,0.03125,0.03125,0.0030615408904850483,1.2864055633544922,-0.0026667413767427206,1.0082581043243408,1.006755308696527,0.08219068497419357,0.0001,1000000.0
100.0,62500.0,6.25,0.0625,0.0625,0.0026363327633589506,1.2824022769927979,-0.0013373855035752058,1.0125561952590942,1.0102519442757745,0.10125188529491425,0.0001,1000000.0
100.0,93750.0,9.375,0.09375,0.09375,0.002488380065187812,1.2847400903701782,0.0008471769397147,1.0082592964172363,1.0153487222751791,0.12388996034860611,0.0001,1000000.0
100.0,125000.0,12.5,0.125,0.125,0.0029542306438088417,1.276235818862915,-0.0001946626289281994,1.0207219123840332,1.02266953604779,0.1505640596151352,0.0001,1000000.0
100.0,156250.0,15.625,0.15625,0.15625,0.0028613214381039143,1.267371416091919,-0.0007833709241822362,1.0322853326797485,1.0330307278253505,0.1817435771226883,0.0001,1000000.0
100.0,187500.0,18.75,0.1875,0.1875,0.0026788292452692986,1.2558567523956299,-0.003320149378851056,1.0462450981140137,1.047478640645027,0.21789593994617462,0.0001,1000000.0
100.0,218750.0,21.875,0.21875,0.21875,0.0029570055194199085,1.2452658414840698,0.0059547885321080685,1.0554494857788086,1.067326065527741,0.25947266817092896,0.0001,1000000.0
100.0,250000.0,25.0,0.25,0.25,0.0027345491107553244,1.2216390371322632,-7.848296809243038e-05,1.0889796018600464,1.0941831067508057,0.30689266324043274,0.0001,1000000.0
100.0,281250.0,28.125,0.28125,0.28125,0.0028602457605302334,1.199094533920288,0.0026183882728219032,1.1158117055892944,1.129977317287712,0.36052367091178894,0.0001,1000000.0
100.0,312500.0,31.25,0.3125,0.3125,0.003053446300327778,1.1591187715530396,-0.00033436279045417905,1.1714935302734375,1.1769566818735067,0.42066219449043274,0.0001,1000000.0
100.0,343750.0,34.375,0.34375,0.34375,0.0026645672041922808,1.1120662689208984,5.090202103019692e-05,1.2342013120651245,1.2376681752508745,0.4875122308731079,0.0001,1000000.0
100.0,375000.0,37.5,0.375,0.375,0.003037263872101903,1.0650452375411987,0.0015295995399355888,1.304288625717163,1.3149052597050037,0.5611642003059387,0.0001,1000000.0
100.0,406250.0,40.625,0.40625,0.40625,0.002833031350746751,1.0082406997680664,-0.0024594019632786512,1.384881854057312,1.411617382715633,0.6415741443634033,0.0001,1000000.0
100.0,437500.0,43.75,0.4375,0.4375,0.0035977791994810104,0.943661630153656,-0.007036347407847643,1.491767168045044,1.5307770500831452,0.7285444736480713,0.0001,1000000.0
100.0,468750.0,46.875,0.46875,0.46875,0.003753743600100279,0.8639904260635376,-0.007289797067642212,1.6284196376800537,1.675204859605433,0.8217085003852844,0.0001,1000000.0
100.0,500000.0,50.0,0.5,0.5,0.0032123574055731297,0.7679445743560791,-0.0008428714354522526,1.8101919889450073,1.8473517074271655,0.920517086982727,0.0001,1000000.0
100.0,531250.0,53.125,0.53125,0.53125,0.0035828116815537214,0.684858500957489,0.0008687551598995924,1.9844937324523926,2.0490507627116727,1.0242317914962769,0.0001,1000000.0
100.0,562500.0,56.25,0.5625,0.5625,0.003763907589018345,0.5869274139404297,-0.002497628331184387,2.206561803817749,2.281250937369819,1.1319235563278198,0.0001,1000000.0
100.0,593750.0,59.375,0.59375,0.59375,0.003696089843288064,0.48999643325805664,-0.005660074297338724,2.4712915420532227,2.5437495392762344,1.2424771785736084,0.0001,1000000.0
100.0,625000.0,62.5,0.625,0.625,0.0036869810428470373,0.39648348093032837,-0.004925811663269997,2.7507283687591553,2.834948782940046,1.3546028137207031,0.0001,1000000.0
100.0,656250.0,65.625,0.65625,0.65625,0.004296926315873861,0.31483590602874756,0.0039283037185668945,3.059119701385498,3.151672128587961,1.46685791015625,0.0001,1000000.0
100.0,687500.0,68.75,0.6875,0.6875,0.0040275948122143745,0.24077776074409485,4.2066039895871654e-05,3.375802755355835,3.4890459452435607,1.5776710510253906,0.0001,1000000.0
100.0,718750.0,71.875,0.71875,0.71875,0.004214119631797075,0.172730952501297,0.002589418785646558,3.7406656742095947,3.84049845084661,1.685377836227417,0.0001,1000000.0
100.0,750000.0,75.0,0.75,0.75,0.004092708695679903,0.11984839290380478,-0.005836553871631622,4.093040466308594,4.197871208897652,1.7882592678070068,0.0001,1000000.0
100.0,781250.0,78.125,0.78125,0.78125,0.004175533540546894,0.07982684671878815,0.007884211838245392,4.437927722930908,4.55166699912219,1.8845866918563843,0.0001,1000000.0
100.0,812500.0,81.25,0.8125,0.8125,0.004136295057833195,0.04885047674179077,0.009932855144143105,4.790809154510498,4.891421123558544,1.9726685285568237,0.0001,1000000.0
100.0,843750.0,84.375,0.84375,0.84375,0.004268310032784939,0.028361650183796883,0.00940446276217699,5.1066107749938965,5.2061917159686,2.0509002208709717,0.0001,1000000.0
100.0,875000.0,87.5,0.875,0.875,0.004356212913990021,0.015753643587231636,0.008258309215307236,5.394205570220947,5.485126311267095,2.117811679840088,0.0001,1000000.0
100.0,906250.0,90.625,0.90625,0.90625,0.003834393108263612,0.008161499164998531,0.009391643106937408,5.6373419761657715,5.718077738915838,2.1721136569976807,0.0001,1000000.0
100.0,937500.0,93.75,0.9375,0.9375,0.003976196050643921,0.005155363120138645,0.003516130382195115,5.838077068328857,5.896212786218314,2.2127387523651123,0.0001,1000000.0
100.0,968750.0,96.875,0.96875,0.96875,0.0036947729531675577,0.0038024659734219313,0.007217021193355322,5.989323616027832,6.0125683458100525,2.2388765811920166,0.0001,1000000.0
100.0,1000000.0,100.0,1.0,1.0,0.0036494566593319178,0.0036494566593319178,0.0034021788742393255,6.044233798980713,6.0625,2.25,0.0001,1000000.0
